,trueX,trueY,trueZ,DNNX,DNNY,DNNZ,recoX,recoY,recoZ,DR_reco,DR
0,64.661,-22.453,-45.014,58.696,0.000,0.000,73.855,-21.790,-32.536,15.513,50.656
1,-90.420,-27.740,-6.236,0.000,0.000,0.000,-92.447,-29.458,-3.336,3.933,94.785
2,-22.232,-4.465,-34.322,0.000,23.885,0.000,-26.371,-10.300,-29.808,8.459,49.760
3,33.507,-47.947,-53.174,54.171,0.000,0.000,46.196,-52.534,-32.139,24.991,74.522
4,9.275,-48.715,-58.009,0.000,0.000,0.000,-3.448,-47.675,-47.892,16.288,76.316
5,-38.848,7.354,-8.156,0.000,0.000,0.000,-42.361,25.179,24.552,37.414,40.370
6,17.942,-26.364,-66.052,0.000,0.000,0.000,10.145,-29.937,-53.840,14.923,73.348
7,-18.023,28.705,-39.514,0.000,0.000,0.000,-29.704,29.361,-24.061,19.383,52.060
8,86.214,-18.056,-1.594,86.519,0.000,0.000,68.861,-22.247,41.569,46.709,18.129
9,73.940,44.597,-10.167,46.015,0.000,0.000,78.072,40.796,-7.573,6.184,53.592
10,-96.638,10.008,-42.394,0.000,0.771,0.000,-91.251,16.871,11.405,54.502,105.932
11,42.380,-20.279,-41.811,7.470,0.000,0.000,45.395,-16.957,-45.667,5.916,58.122
12,94.605,-1.733,-30.544,51.054,17.688,0.000,89.137,63.602,52.544,105.840,56.629
13,-28.858,-35.181,-3.753,28.429,0.000,0.000,-19.416,-24.450,-3.823,14.294,67.331
14,22.326,-12.326,-37.466,30.540,0.000,0.000,19.933,-18.925,-35.438,7.307,40.287
15,61.339,17.345,-10.414,49.940,0.000,0.000,64.277,23.702,-5.183,8.741,23.221
16,-49.286,-1.699,-5.584,0.000,0.000,0.000,-40.028,-4.441,-4.077,9.773,49.631
17,-37.378,-1.055,-23.391,0.000,0.000,0.000,-38.402,-5.183,-8.470,15.515,44.106
18,5.950,26.357,-14.443,2.295,0.000,0.000,10.957,7.251,-12.761,19.823,30.276
19,3.267,18.812,-74.801,0.000,13.029,0.000,2.804,26.365,-75.102,7.573,75.096
20,-81.472,4.218,-4.799,0.000,5.978,0.000,-79.460,25.383,-89.140,86.980,81.632
21,1.397,-45.468,-24.673,0.000,0.000,0.000,-2.158,-48.360,-18.322,7.832,51.750
22,55.361,-48.545,-0.651,67.933,0.000,0.000,53.881,-51.141,4.528,5.979,50.150
23,30.407,-35.792,-14.891,38.926,0.000,0.000,28.371,-39.699,-15.867,4.513,39.691
24,80.985,-26.919,-1.346,76.614,0.000,0.000,98.070,-30.191,-65.187,66.169,27.305
25,-83.643,-2.094,-2.505,0.000,0.000,0.000,-142.700,26.068,31.324,73.656,83.707
26,-80.850,-5.306,-49.785,0.000,0.000,0.000,-71.412,11.010,-56.227,19.919,95.097
27,-27.136,-26.512,-57.263,0.000,0.000,0.000,-28.727,-19.766,-49.290,10.565,68.690
28,38.496,-2.759,-48.215,29.203,0.000,0.000,35.174,-17.396,-49.875,15.101,49.179
29,39.141,46.337,-57.733,45.032,0.000,0.000,40.130,43.665,-60.502,3.973,74.263
30,-46.242,10.812,-61.909,0.000,8.043,0.000,-40.502,30.281,-65.775,20.662,77.323
31,-57.846,23.386,-12.895,0.000,26.320,0.000,-59.862,18.465,-13.619,5.367,59.338
32,70.520,30.304,-20.296,49.780,50.457,0.000,67.011,37.199,-1.457,20.366,35.331
33,-38.600,23.532,-5.529,0.000,0.000,0.000,-44.332,26.769,-4.309,6.695,45.544
34,-68.466,13.903,-0.435,3.049,0.000,0.000,-69.529,-2.727,-0.364,16.664,72.855
35,16.224,31.073,-42.040,40.431,0.000,0.000,17.214,25.795,-45.223,6.243,57.609
36,-40.259,-31.857,-6.788,10.667,0.000,0.000,-35.782,-47.831,5.076,20.396,60.452
37,22.637,28.436,-50.133,28.885,1.015,0.000,30.440,29.559,-39.289,13.407,57.483
38,-75.152,-13.716,-25.006,0.000,0.000,0.000,-77.379,-17.265,-25.580,4.229,80.381
39,-18.368,-44.290,-64.412,11.002,0.000,0.000,-18.057,-45.165,-71.913,7.559,83.505
40,-49.800,-15.649,-68.272,0.000,0.000,0.000,-15.484,-30.405,-86.228,41.446,85.942
41,86.423,33.401,-72.990,57.084,0.000,0.000,73.710,35.692,-109.802,39.012,85.463
42,-30.175,21.542,-70.628,0.000,0.000,0.000,-28.233,22.776,-78.878,8.565,79.768
43,83.788,35.790,-12.927,77.413,14.307,0.000,70.919,32.389,-19.962,15.056,25.871
44,52.195,36.644,-49.314,57.732,0.000,0.000,51.770,37.533,-45.639,3.806,61.687
45,-77.091,-31.146,-77.218,0.000,0.000,0.000,-80.760,-50.316,-103.107,32.422,113.471
46,36.969,-37.451,-51.591,36.465,0.000,0.000,31.201,-32.223,-52.535,7.842,63.753
47,97.266,22.221,-6.881,66.104,20.127,0.000,79.877,23.319,-33.843,32.102,31.981
48,-27.106,-3.759,-8.227,0.000,0.000,0.000,-25.592,-6.510,-5.456,4.187,28.575
49,16.589,-7.283,-18.006,18.632,0.000,0.000,9.920,-24.857,-0.817,25.471,19.530
50,-6.381,36.390,-37.460,0.000,19.073,0.000,-14.207,35.957,-34.982,8.221,41.760
51,-52.693,-8.038,-30.239,0.000,0.567,0.000,-46.620,-10.351,-21.397,10.973,61.359
52,-58.267,21.422,-32.586,0.000,0.290,0.000,-46.769,32.782,-37.294,16.834,70.024
53,-39.352,20.753,-75.755,0.000,4.449,0.000,-43.167,28.107,-70.735,9.687,86.909
54,-55.632,-2.489,-23.349,0.000,0.000,0.000,-54.833,-10.439,-10.938,14.760,60.384
55,-56.206,-10.238,-47.161,0.000,7.389,0.000,-70.406,20.058,51.612,104.287,75.459
56,22.107,-3.521,-78.492,39.703,7.068,0.000,20.743,-8.400,-86.137,9.172,81.134
57,2.267,-25.123,-7.456,0.000,0.000,0.000,-3.914,-21.787,8.021,16.996,26.304
58,-41.912,20.043,-5.982,0.000,0.000,0.000,-79.872,44.920,29.694,57.729,46.841
59,-70.317,-40.568,-16.679,0.000,0.000,0.000,-86.900,37.778,-17.029,80.082,82.876
60,-78.147,6.042,-79.315,0.000,2.683,0.000,-78.926,4.749,-98.072,18.818,111.396
61,10.129,2.772,-26.373,7.255,0.000,0.000,15.107,5.973,-27.175,5.973,26.673
62,-26.178,-33.513,-10.974,0.000,0.000,0.000,-26.049,-33.724,-6.584,4.397,43.919
63,-62.000,-12.023,-32.590,0.000,7.899,0.000,-60.975,-16.326,-32.916,4.436,72.822
64,36.845,38.312,-65.728,52.902,30.530,0.000,45.677,44.175,-47.872,20.765,68.107
65,34.923,-17.964,-25.800,24.936,10.940,0.000,40.434,-17.253,-24.858,5.636,40.010
66,-40.020,35.809,-29.572,3.640,52.205,0.000,-31.099,37.135,-43.454,16.555,55.223
67,31.036,12.139,-26.061,13.834,0.000,0.000,34.307,6.172,-34.132,10.557,33.503
68,37.979,20.680,-52.219,39.189,0.780,0.000,38.939,14.984,-47.745,7.306,55.895
69,-76.629,-21.710,-36.972,0.000,6.368,0.000,-82.450,-10.209,-40.760,13.435,89.595
70,-2.033,41.775,-10.411,5.209,2.784,0.000,2.762,143.533,33.514,110.937,41.002
71,-41.219,-10.740,-52.283,0.000,2.861,0.000,-44.572,-3.544,-50.694,8.096,67.952
72,-49.095,-2.042,-29.586,0.000,0.000,0.000,-50.751,-2.647,-23.893,5.959,57.357
73,48.696,-37.963,-60.457,40.080,0.000,0.000,52.687,-30.679,-63.585,8.875,71.906
74,-98.536,0.935,-19.468,0.000,0.000,0.000,-102.663,-51.513,-106.045,101.308,100.445
75,65.251,-12.217,-21.333,61.806,0.000,0.000,64.885,-3.455,-19.558,8.948,24.824
76,-13.288,-12.443,-56.109,3.163,0.000,0.000,-17.437,-11.543,-56.581,4.272,59.780
77,43.971,8.193,-7.002,8.234,22.628,0.000,48.641,17.518,-14.051,12.588,39.173
78,-63.300,34.661,-70.087,0.000,5.838,0.000,-73.643,20.145,-80.371,20.578,98.741
79,62.165,-44.531,-31.181,45.144,0.000,0.000,69.455,-48.368,-12.538,20.382,56.965
80,-61.607,44.447,-61.454,0.000,7.179,0.000,-66.576,60.786,-68.195,18.360,94.662
81,-73.272,-20.169,-66.590,0.000,0.000,0.000,-85.049,-15.874,-72.003,13.655,101.044
82,50.589,-11.384,-5.982,54.282,0.000,0.000,64.070,9.692,33.185,46.476,13.380
83,21.802,38.683,-33.630,0.000,0.000,0.000,34.475,29.630,-61.656,32.063,55.702
84,-17.559,13.969,-3.701,0.000,5.108,0.000,-10.001,130.296,133.641,180.144,20.013
85,-32.100,-39.489,-53.244,0.000,0.000,0.000,-30.111,-36.733,-52.204,3.554,73.653
86,40.913,16.814,-36.054,33.037,38.336,0.000,37.953,23.748,-38.266,7.857,42.722
87,82.858,-22.018,-51.652,79.493,0.000,0.000,96.029,-6.819,-75.684,31.338,56.250
88,33.331,49.062,-55.511,21.121,0.000,0.000,39.187,49.533,-50.354,7.818,75.085
89,-1.068,37.071,-78.226,0.000,10.266,0.000,-8.519,27.625,-81.265,12.409,82.698
90,-89.235,-26.526,-16.238,0.000,0.000,0.000,-83.075,-42.160,-25.827,19.347,94.499
91,26.945,-18.590,-18.290,44.755,0.000,0.000,24.817,-17.582,-14.311,4.624,31.580
92,9.607,11.086,-45.636,0.000,0.000,0.000,10.428,11.261,-44.931,1.096,47.936
93,-84.497,-35.402,-17.642,0.000,0.607,0.000,-84.362,-32.068,3.800,21.700,93.529
94,-33.976,12.181,-39.820,0.000,0.000,0.000,-43.505,8.411,-27.323,16.161,53.744
95,11.198,-21.693,-8.606,5.002,23.030,0.000,9.118,-14.532,11.276,21.235,45.963
96,27.167,-4.387,-78.636,0.000,27.419,0.000,29.597,-0.889,-75.774,5.132,89.069
97,23.504,2.807,-79.871,24.969,7.252,0.000,29.091,3.535,-85.454,7.932,80.008
98,-61.758,-6.911,-9.319,0.000,12.769,0.000,46.981,13.767,-117.841,155.012,65.484
99,-60.029,4.573,-57.145,0.000,15.867,0.000,-62.255,-1.139,-61.480,7.508,83.646
100,-58.388,41.689,-59.977,0.000,11.748,0.000,-71.434,41.691,-35.522,27.718,88.898
101,-88.294,-31.643,-25.127,0.000,0.000,0.000,-79.242,-32.056,-29.168,9.922,97.100
102,-80.795,-21.516,-52.565,0.000,4.121,0.000,-79.375,-18.501,-40.450,12.565,99.741
103,39.574,-47.572,-71.897,38.001,0.000,0.000,44.059,-50.863,-72.844,5.643,86.225
104,14.810,-36.125,-36.197,18.200,0.000,0.000,65.151,-0.847,-95.587,85.474,51.251
105,46.154,-27.212,-21.255,37.187,0.000,0.000,49.145,-28.834,-18.273,4.524,35.675
106,7.575,-17.404,-7.579,10.866,0.000,0.000,-2.718,-22.834,17.942,28.048,19.266
107,43.167,36.156,-13.272,19.046,37.559,0.000,40.928,36.416,-14.640,2.637,27.567
108,66.675,45.658,-10.511,0.000,17.465,0.000,70.981,48.623,-20.750,11.496,73.150
109,79.278,43.590,-27.130,69.517,0.000,0.000,85.150,44.793,-28.994,6.277,52.263
110,-4.306,-42.813,-43.823,38.711,0.000,0.000,-0.807,-70.632,-52.969,29.492,74.859
111,80.056,47.857,-13.504,72.906,11.196,0.000,91.681,13.853,77.151,97.518,39.718
112,-86.457,11.951,-52.580,0.000,0.000,0.000,-71.525,5.668,-84.902,36.155,101.894
113,-15.283,36.568,-13.000,0.000,27.229,0.000,-17.580,39.723,15.620,28.884,22.132
114,14.961,15.577,-79.593,49.248,0.000,0.000,18.754,6.695,-70.322,13.387,88.052
115,90.448,34.363,-18.330,0.000,1.950,0.000,70.312,40.647,-22.615,21.524,97.813
116,-35.885,43.283,-29.983,0.000,16.434,0.000,-30.545,38.664,-32.206,7.402,53.922
117,76.883,-15.452,-24.574,48.966,0.000,0.000,74.415,-12.880,-20.763,5.218,40.275
118,-22.786,-18.348,-60.962,0.000,17.100,0.000,-28.295,-19.078,-63.185,5.986,74.109
119,-24.739,38.686,-12.691,0.000,0.000,0.000,-25.176,35.870,-10.977,3.326,47.641
120,-63.359,34.919,-5.987,0.000,0.000,0.000,-79.519,2.106,77.132,90.810,72.592
121,-65.441,39.597,-13.982,0.000,0.000,0.000,-65.905,46.856,-16.365,7.654,77.756
122,42.931,-4.558,-63.360,52.605,4.451,0.000,43.609,0.716,-60.005,6.288,64.724
123,65.631,-34.178,-4.328,53.302,0.000,0.000,60.150,-35.252,-0.159,6.969,36.590
124,-93.994,22.549,-13.539,0.000,0.000,0.000,-102.192,61.587,5.756,44.310,97.605
125,88.129,-37.787,-46.901,27.141,0.000,0.000,90.856,-49.226,-47.373,11.769,85.715
126,46.317,39.961,-33.136,12.752,0.000,0.000,45.485,40.020,-26.990,6.202,61.818
127,-93.930,-2.109,-3.733,0.000,0.000,0.000,-54.726,19.479,-105.659,111.319,94.028
128,60.505,39.086,-6.259,52.323,17.857,0.000,127.281,88.708,-51.645,94.770,23.596
129,-97.983,-2.011,-3.102,0.000,0.000,0.000,-101.000,-0.785,-3.068,3.257,98.053
130,8.903,-4.745,-57.442,6.700,0.000,0.000,22.003,-7.525,-46.897,17.045,57.680
131,-45.877,33.658,-22.278,0.000,0.000,0.000,-62.076,35.555,51.489,75.549,61.106
132,-52.209,29.792,-74.570,0.000,23.546,0.000,-45.323,33.835,-71.132,8.694,91.244
133,64.393,-7.303,-16.559,91.720,0.000,0.000,130.723,12.518,38.328,88.346,32.776
134,9.270,-12.952,-49.864,27.240,4.477,0.000,19.472,-10.562,-44.938,11.578,55.795
135,14.693,-41.837,-61.358,54.510,0.000,0.000,11.806,-75.640,-52.526,35.057,84.265
136,-84.918,36.764,-19.136,0.000,0.000,0.000,-93.226,35.630,20.719,40.728,94.492
137,-67.990,25.850,-68.853,0.000,0.000,0.000,-66.190,36.507,-82.894,17.719,100.157
138,24.502,-21.983,-26.827,44.940,0.000,0.000,14.705,-5.562,-3.496,30.166,40.258
139,-7.115,-46.965,-30.344,22.818,0.000,0.000,-4.439,-46.472,-23.391,7.466,63.423
140,37.130,-37.548,-42.616,2.655,0.000,0.000,30.659,-37.114,-66.296,24.552,66.441
141,-79.690,-3.931,-31.594,0.000,21.717,0.000,-81.625,-2.611,-32.099,2.396,89.479
142,84.489,3.579,-7.573,89.892,0.000,0.000,102.817,3.234,43.658,54.411,9.967
143,95.155,6.053,-69.790,68.069,9.654,0.000,69.038,36.888,-77.568,41.151,74.948
144,-89.290,25.821,-17.513,18.318,20.954,0.000,-132.180,60.468,-20.106,55.197,109.133
145,14.748,-25.484,-14.134,20.855,0.000,0.000,16.422,-15.085,-34.305,22.755,29.774
146,-49.437,34.428,-8.338,0.000,8.523,0.000,-44.740,50.268,-0.735,18.187,56.432
147,7.444,-48.900,-35.027,0.000,9.324,0.000,12.655,-54.694,-45.079,12.719,68.355
148,-56.303,-14.019,-10.550,0.000,0.000,0.000,-56.050,-35.977,1.745,25.167,58.974
149,-59.297,19.567,-11.527,0.000,28.050,0.000,-70.099,26.681,-25.581,19.100,61.000
150,-77.980,-7.858,-42.184,0.000,0.000,0.000,-137.438,-23.473,48.878,109.870,89.006
151,-46.133,14.946,-65.870,5.004,19.027,0.000,-46.802,5.996,-64.006,9.166,83.490
152,-23.785,40.056,-13.910,0.000,0.000,0.000,-23.237,33.482,-17.937,7.729,48.618
153,86.344,-26.423,-76.792,69.768,0.000,0.000,132.851,12.445,-59.860,62.931,82.885
154,-80.781,-35.993,-7.822,0.000,0.000,0.000,-96.768,-39.519,33.016,43.997,88.782
155,-57.940,27.976,-13.014,0.000,25.617,0.000,-45.327,32.976,0.083,18.858,59.431
156,32.981,-11.092,-6.681,0.000,0.000,0.000,30.650,-14.156,0.078,7.778,35.431
157,-73.917,18.457,-77.627,0.000,0.000,0.000,-133.011,23.478,-64.663,60.708,108.767
158,-38.995,25.906,-46.011,0.000,19.520,0.000,-42.722,36.542,-65.125,22.190,60.649
159,84.489,49.564,-29.962,76.676,0.000,0.000,125.608,62.213,34.745,77.703,58.441
160,52.574,-12.773,-13.620,64.880,0.000,0.000,57.016,-14.524,-10.376,5.772,22.363
161,-69.237,-24.441,-5.462,21.175,17.805,0.000,-67.876,-11.603,-1.540,13.493,99.945
162,27.712,-20.788,-45.396,12.001,0.000,0.000,23.413,-11.555,-51.530,11.889,52.343
163,-12.630,-5.078,-37.375,0.000,0.000,0.000,-25.598,0.910,-49.289,18.600,39.777
164,2.215,16.193,-71.184,2.021,0.000,0.000,4.121,8.710,-72.157,7.783,73.003
165,82.515,29.227,-30.119,74.865,0.000,0.000,84.594,30.766,-36.483,6.870,42.660
166,-68.568,-46.507,-3.500,0.000,0.000,0.000,-74.807,-49.115,-6.633,7.453,82.926
167,40.440,-37.755,-11.158,32.068,0.000,0.000,44.939,-40.016,-8.733,5.588,40.250
168,52.037,-43.331,-10.936,50.658,0.000,0.000,53.570,-47.423,-10.714,4.376,44.711
169,-37.509,23.714,-66.240,0.000,14.098,0.000,-39.885,18.742,-67.807,5.730,76.728
170,41.930,-4.882,-3.527,53.768,0.000,0.000,54.680,-20.075,42.750,50.349,13.282
171,37.898,3.900,-9.494,41.099,0.000,0.000,42.916,0.116,-3.700,8.547,10.751
172,-10.655,41.763,-30.039,0.000,9.774,0.000,-8.471,42.125,-20.937,9.367,45.156
173,-64.785,16.877,-7.308,0.000,37.196,0.000,-69.690,14.808,-20.864,14.563,68.289
174,-33.907,-26.708,-41.605,0.000,0.000,0.000,-27.506,-27.157,-38.702,7.044,59.950
175,-4.190,45.957,-56.730,26.089,35.863,0.000,-3.241,41.914,-52.310,6.065,65.093
176,-0.969,-2.579,-25.089,0.000,0.000,0.000,-30.691,-16.057,-145.690,124.939,25.240
177,-79.282,-6.050,-44.594,0.000,0.000,0.000,-86.921,-6.348,-43.574,7.713,91.164
178,38.919,-27.821,-9.545,0.000,0.000,0.000,38.752,-38.252,7.726,20.177,48.783
179,-43.654,-5.078,-11.183,0.000,0.000,0.000,-44.905,-1.789,-17.605,7.322,45.349
180,87.121,34.769,-24.646,46.312,0.000,0.000,87.729,39.308,-25.863,4.739,59.006
181,14.416,-22.609,-75.416,0.000,0.000,0.000,-62.109,-33.454,83.321,176.554,80.041
182,-32.546,-43.779,-75.358,8.477,5.656,0.000,-27.210,-50.680,-82.509,11.279,99.023
183,87.317,41.161,-36.297,89.652,15.049,0.000,78.009,54.928,-62.234,30.804,44.775
184,54.751,41.943,-55.028,48.644,23.674,0.000,53.375,39.636,-58.529,4.413,58.302
185,48.794,44.909,-48.175,26.067,0.000,0.000,61.575,45.460,-34.685,18.591,69.672
186,-83.753,-10.951,-33.779,0.000,0.000,0.000,-87.421,-0.525,-39.823,12.597,90.969
187,-44.564,11.396,-60.651,3.293,9.774,0.000,-47.617,14.410,-62.438,4.648,77.275
188,7.310,-24.383,-35.731,5.066,0.000,0.000,11.478,-25.569,-29.193,7.844,43.316
189,-54.410,-37.331,-28.637,0.000,0.000,0.000,-56.025,-49.344,-32.890,12.845,71.932
190,-8.163,17.855,-1.145,0.000,10.672,0.000,-5.061,18.783,13.939,15.427,10.933
191,-22.006,-19.227,-22.019,0.000,0.000,0.000,-23.724,-17.914,-25.780,4.338,36.589
192,-57.335,-30.597,-67.676,0.000,12.586,0.000,-59.984,-23.328,-70.838,8.358,98.652
193,81.637,39.133,-57.509,82.977,0.000,0.000,87.256,30.136,-46.066,15.603,69.574
194,53.262,18.198,-24.004,0.000,23.442,0.000,54.557,12.920,-21.318,6.062,58.656
195,86.111,0.146,-31.074,9.991,0.000,0.000,61.150,-19.409,16.732,57.367,82.219
196,-71.597,29.998,-31.032,0.000,19.539,0.000,-78.390,30.296,-32.504,6.957,78.730
197,52.932,0.273,-33.603,25.072,0.000,0.000,55.272,9.266,-33.073,9.308,43.651
198,-74.992,36.191,-8.595,0.000,0.000,0.000,-74.180,33.745,1.481,10.401,83.711
199,13.993,14.912,-78.936,20.874,3.636,0.000,18.521,6.626,-73.466,10.912,80.034
200,49.136,41.995,-3.217,0.000,0.000,0.000,47.532,38.792,-4.006,3.668,64.717
201,-37.963,16.012,-21.926,0.000,7.399,0.000,-42.730,11.870,-19.573,6.740,44.678
202,-59.548,-36.332,-51.015,0.000,0.000,0.000,-67.050,-48.722,-59.843,16.962,86.421
203,-79.821,-17.710,-76.084,0.000,7.426,0.000,-82.743,-14.874,-78.500,4.735,113.102
204,3.858,-27.044,-74.137,15.847,0.000,0.000,2.468,-32.524,-75.424,5.798,79.821
205,16.398,-27.190,-2.090,30.699,0.956,0.000,14.785,-29.607,14.433,16.776,31.640
206,-69.973,45.529,-6.023,0.000,2.566,0.000,-58.715,41.248,-15.096,15.080,82.330
207,-51.592,-3.112,-19.651,0.000,0.000,0.000,-54.722,-1.972,-19.864,3.338,55.295
208,-27.616,-11.633,-4.946,5.679,0.000,0.000,-24.853,-11.211,-8.933,4.869,35.614
209,-52.312,-33.876,-73.196,3.795,0.000,0.000,-54.849,-35.395,-77.833,5.499,98.251
210,1.519,-15.517,-8.383,0.000,0.000,0.000,-5.451,-11.231,-0.925,11.071,17.702
211,-33.895,-42.206,-12.510,0.000,0.000,0.000,-24.117,-33.727,-82.778,71.450,55.559
212,74.164,-2.826,-59.350,55.660,0.000,0.000,86.132,-5.701,-51.139,14.796,62.232
213,-22.816,-35.540,-15.163,0.000,0.000,0.000,-35.372,-41.408,40.983,57.832,44.873
214,-92.678,14.151,-14.686,0.000,2.006,0.000,-88.995,8.731,-25.144,12.341,94.617
215,80.189,48.491,-55.441,26.263,0.000,0.000,88.304,48.135,-62.699,10.893,91.286
216,2.362,43.718,-35.397,0.000,13.487,0.000,-3.502,32.626,-21.915,18.417,46.609
217,-39.071,-45.217,-21.088,0.000,0.000,0.000,-33.580,-63.559,7.611,34.499,63.370
218,-34.431,-18.761,-61.066,0.000,1.398,0.000,-36.940,-23.886,-60.979,5.706,72.945
219,-42.400,-16.820,-19.587,0.000,0.000,0.000,-51.691,-18.437,-1.645,20.270,49.642
220,-75.205,-6.049,-4.553,0.000,0.000,0.000,-87.342,17.886,20.104,36.443,75.585
221,-6.302,35.494,-55.979,23.241,0.000,0.000,-5.545,30.942,-53.026,5.479,72.569
222,35.184,-37.308,-46.082,43.157,0.000,0.000,32.389,-39.495,-51.516,6.490,59.825
223,-17.682,39.558,-33.997,0.000,7.071,0.000,-11.358,47.790,-33.828,10.382,50.238
224,-58.262,-21.916,-30.456,0.000,0.000,0.000,-42.319,-24.835,-40.998,19.335,69.299
225,31.021,12.294,-62.276,31.650,12.311,0.000,32.445,15.608,-75.725,13.924,62.280
226,-50.647,-3.200,-32.684,0.000,6.344,0.000,-78.213,-22.500,-45.519,36.015,61.029
227,-21.602,33.894,-41.034,0.000,22.522,0.000,-26.017,30.375,-41.014,5.646,47.746
228,55.082,4.035,-39.253,49.109,0.000,0.000,65.778,4.202,-25.210,17.653,39.909
229,-17.500,-22.383,-77.905,6.067,11.757,0.000,-19.645,-38.515,-80.346,16.456,88.262
230,11.245,32.898,-26.276,0.000,1.472,0.000,16.404,32.892,-25.906,5.172,42.478
231,60.350,12.757,-0.676,70.363,5.638,0.000,107.460,7.565,-0.577,47.395,12.304
232,-33.537,41.948,-25.117,0.000,7.069,0.000,-31.087,35.346,-16.644,11.018,54.518
233,-32.028,-4.580,-76.638,0.000,12.493,0.000,-26.367,2.562,-62.658,16.688,84.798
234,-46.316,-39.131,-13.191,0.000,0.000,0.000,-58.753,-47.644,-6.540,16.474,62.052
235,90.477,39.406,-22.601,61.264,8.617,0.000,114.690,71.364,29.351,65.624,48.085
236,75.400,6.536,-68.836,74.872,0.000,0.000,76.564,-5.464,-93.529,27.479,69.147
237,79.164,2.673,-42.767,70.061,0.000,0.000,89.102,2.770,70.854,114.055,43.807
238,48.669,36.386,-51.198,38.618,1.734,0.000,56.319,33.583,-33.693,19.308,62.634
239,90.154,16.172,-5.060,103.913,0.000,0.000,97.023,12.803,-12.440,10.630,21.828
240,79.606,22.083,-45.255,63.598,26.830,0.000,77.739,0.178,70.101,117.433,48.237
241,-30.202,-33.356,-38.413,0.000,0.000,0.000,-28.570,-40.161,-41.516,7.655,59.164
242,95.808,-18.986,-12.553,64.512,0.000,0.000,91.288,-11.805,80.697,93.635,38.698
243,-4.999,0.212,-77.775,0.000,5.294,0.000,-13.764,-2.329,-69.346,12.422,78.101
244,87.030,-45.442,-36.922,81.139,0.000,0.000,95.076,3.024,-20.980,51.651,58.846
245,-2.825,37.241,-16.096,0.000,0.000,0.000,-10.574,39.998,-16.461,8.233,40.669
246,7.480,-37.306,-40.365,21.633,0.000,0.000,17.057,-25.426,-137.928,98.749,56.758
247,18.085,-32.681,-3.436,0.000,0.000,0.000,23.363,-29.489,51.654,55.434,37.509
248,-50.055,-15.425,-36.631,0.000,0.000,0.000,-49.982,-22.631,-36.963,7.213,63.916
249,42.426,-23.034,-45.828,7.626,0.000,0.000,27.534,-22.593,-44.250,14.982,61.983
250,35.837,17.901,-42.046,15.712,0.000,0.000,34.622,18.771,-42.856,1.700,49.933
251,-25.626,-48.620,-57.569,0.000,0.000,0.000,-18.374,-59.322,-63.185,14.094,79.591
252,-74.550,39.290,-38.493,0.000,0.000,0.000,-49.378,42.896,-63.288,35.517,92.645
253,85.543,45.474,-77.813,64.512,0.000,0.000,124.548,52.078,-42.971,52.715,92.548
254,-10.838,28.182,-62.223,0.000,7.637,0.000,7.200,24.306,-88.049,31.739,66.417
255,23.201,11.796,-64.720,54.963,19.489,0.000,75.074,-3.144,47.684,124.694,72.503
256,64.195,-20.422,-28.451,38.884,0.000,0.000,52.260,-29.274,-3.867,28.726,43.211
257,-92.825,-9.123,-15.758,0.000,13.153,0.000,-94.152,-22.100,-16.464,13.063,96.753
258,-52.335,24.765,-41.803,0.000,0.000,0.000,-67.265,11.420,34.569,78.954,71.412
259,-40.168,34.650,-33.540,0.000,0.000,0.000,-45.400,36.249,-22.410,12.402,62.762
260,3.706,-19.359,-47.777,0.000,0.256,0.000,8.215,-14.384,-47.025,6.756,51.780
261,26.067,11.646,-57.170,0.000,13.416,0.000,19.622,11.850,-56.963,6.452,62.857
262,37.335,10.897,-6.779,34.804,23.062,0.000,37.068,7.979,-7.470,3.011,14.154
263,-68.429,0.848,-56.231,0.000,11.171,0.000,-71.101,4.916,-50.783,7.306,89.168
264,55.311,-10.124,-9.213,41.000,0.000,0.000,57.060,-0.640,-17.985,13.037,19.804
265,-59.126,-20.677,-13.165,0.000,0.000,0.000,-75.094,-0.021,-23.741,28.169,64.005
266,-39.111,18.178,-54.446,0.000,0.765,0.000,-39.678,14.438,-47.022,8.332,69.262
267,-65.834,10.942,-35.190,0.000,0.000,0.000,-92.574,-0.809,54.274,94.111,75.447
268,40.591,33.650,-39.690,62.369,15.862,0.000,43.523,32.698,-36.807,4.221,48.642
269,-31.962,5.816,-38.209,0.000,0.000,0.000,-31.797,9.449,-37.201,3.773,50.154
270,89.449,-39.970,-48.830,55.157,18.007,0.000,102.043,-38.837,-22.070,29.597,83.197
271,-1.130,32.827,-22.042,0.000,0.000,0.000,4.525,31.902,-20.104,6.049,39.557
272,53.070,-15.293,-29.093,35.503,2.296,0.000,40.457,-23.650,-32.680,15.550,38.267
273,-42.567,27.175,-4.460,0.000,2.525,0.000,-43.940,16.742,-18.171,17.284,49.391
274,72.407,30.442,-2.365,65.797,0.000,0.000,82.693,28.885,9.666,15.906,31.241
275,-92.932,-24.268,-9.919,0.000,0.000,0.000,-96.425,-25.308,-10.438,3.681,96.560
276,39.845,-43.961,-16.095,16.738,12.854,0.000,38.305,-43.383,-7.038,9.205,63.410
277,66.902,-32.018,-18.584,19.084,0.000,0.000,134.122,-46.406,-34.496,70.561,60.473
278,-22.263,48.312,-67.056,0.000,13.929,0.000,-19.060,45.778,-64.065,5.063,78.577
279,76.322,23.700,-73.276,19.841,0.000,0.000,73.635,29.532,-72.880,6.433,95.505
280,42.257,-30.582,-30.700,55.644,0.000,0.000,37.350,-30.752,-27.964,5.621,45.353
281,-1.111,-12.003,-30.217,3.081,0.000,0.000,0.215,-16.448,-19.338,11.827,32.782
282,47.991,-23.538,-31.962,42.131,0.000,0.000,48.536,-23.932,-30.005,2.070,40.124
283,-65.705,-19.895,-48.886,0.000,0.000,0.000,-72.768,29.282,11.543,78.230,84.278
284,-61.365,42.881,-57.383,0.000,18.439,0.000,-71.643,43.692,-62.409,11.470,87.498
285,-4.153,10.864,-45.041,0.000,0.000,0.000,-13.644,10.477,-58.523,16.492,46.519
286,-48.568,-46.754,-19.044,0.000,0.000,0.000,-66.230,-51.217,30.333,52.630,70.053
287,-7.376,18.731,-14.592,0.000,15.453,0.000,-2.184,18.798,-4.704,11.169,16.676
288,-76.742,8.517,-27.905,0.000,10.807,0.000,-89.030,11.085,-44.239,20.600,81.690
289,-43.460,15.668,-3.464,0.000,14.241,0.000,-30.836,19.191,-88.602,86.141,43.621
290,-34.141,-29.759,-8.477,0.000,0.000,0.000,-23.058,-58.956,-50.066,52.010,46.076
291,-66.472,2.230,-58.336,0.000,0.000,0.000,-71.102,0.348,-55.152,5.926,88.468
292,-44.884,-39.633,-17.924,0.000,11.346,0.000,-45.802,-36.614,-18.104,3.161,70.248
293,56.484,-16.004,-53.813,50.803,6.011,0.000,65.944,-21.194,-58.717,11.852,58.418
294,0.285,17.599,-51.392,27.123,0.000,0.000,21.598,12.842,-45.428,22.637,60.590
295,-2.132,26.575,-21.972,0.000,22.840,0.000,-0.797,16.796,-15.113,12.020,22.389
296,80.470,28.278,-78.656,72.379,21.220,0.000,78.352,30.004,-75.403,4.249,79.386
297,80.988,30.031,-28.023,31.460,30.549,0.000,85.818,22.001,-30.778,9.767,56.909
298,-85.642,-22.373,-16.619,0.000,0.000,0.000,-83.471,-28.418,-27.472,12.611,90.063
299,-11.653,12.872,-22.143,0.000,8.901,0.000,-19.388,5.625,-21.335,10.631,25.335
300,-38.156,17.492,-6.325,0.000,0.000,0.000,-34.664,1.006,-15.937,19.401,42.449
301,54.253,-7.118,-16.553,52.032,0.000,0.000,59.149,-9.791,-11.172,7.750,18.155
302,-11.991,13.244,-31.931,13.072,0.000,0.000,-11.497,-1.231,-17.797,20.238,42.699
303,64.660,30.856,-44.990,28.322,0.675,0.000,66.382,30.128,-55.697,10.869,65.234
304,73.367,-21.635,-10.150,63.338,0.000,0.000,96.340,-26.584,69.355,82.905,25.916
305,-27.640,-25.212,-3.478,0.000,0.000,0.000,71.185,-44.379,-58.333,114.642,37.573
306,44.242,46.107,-6.580,28.105,1.739,0.000,31.770,45.364,1.694,14.986,47.668
307,-34.359,-7.350,-40.054,0.000,0.000,0.000,-43.184,-33.532,-22.451,32.761,53.281
308,-37.697,24.951,-48.340,0.000,8.080,0.000,-40.320,19.047,-51.423,7.158,63.581
309,-12.709,13.528,-5.329,0.000,2.060,0.000,0.170,50.940,-71.698,77.268,17.929
310,-7.457,17.670,-1.272,0.000,31.327,0.000,-9.088,21.529,-4.092,5.050,15.612
311,-77.732,43.242,-57.290,0.000,38.793,0.000,-75.699,42.821,-57.767,2.130,96.665
312,-40.315,-48.226,-71.883,0.000,0.000,0.000,-39.894,-48.665,-77.756,5.905,95.489
313,-56.431,44.945,-52.090,0.000,49.259,0.000,-66.582,56.740,-47.753,16.155,76.918
314,-77.820,43.045,-16.583,0.000,20.576,0.000,-79.285,42.608,-27.507,11.030,82.678
315,84.978,-26.435,-23.301,37.221,2.576,0.000,90.987,-22.498,-27.427,8.284,60.542
316,-40.453,2.995,-42.329,0.000,10.098,0.000,-51.822,1.673,-26.516,19.521,58.980
317,57.870,38.870,-38.258,54.211,18.205,0.000,68.670,39.632,-36.973,10.903,43.636
318,-14.112,-25.211,-48.273,0.000,0.000,0.000,-15.741,-43.818,-45.465,18.888,56.259
319,-15.747,-31.950,-56.271,0.000,0.000,0.000,-19.422,-22.393,-70.440,17.482,66.597
320,-12.397,-31.764,-39.446,0.000,0.000,0.000,-12.466,-28.187,-31.535,8.682,52.140
321,44.175,-16.806,-31.709,50.749,12.170,0.000,45.423,-14.550,-29.541,3.368,43.455
322,-46.549,26.477,-18.489,0.000,0.000,0.000,-49.133,26.774,-5.076,13.663,56.654
323,30.977,-27.722,-38.395,5.398,0.000,0.000,36.597,-30.550,-37.544,6.349,53.824
324,50.188,-4.472,-19.692,49.322,0.000,0.000,53.132,-9.698,5.186,25.592,20.212
325,41.658,6.923,-49.215,12.493,0.000,0.000,31.135,0.953,-53.393,12.800,57.626
326,41.924,-2.474,-30.829,45.214,0.000,0.000,45.460,-10.779,-37.383,11.155,31.103
327,3.081,14.005,-62.911,49.519,25.146,0.000,8.007,13.704,-65.973,5.808,78.984
328,60.509,-49.110,-3.189,62.676,0.000,0.000,59.555,-44.761,14.675,18.411,49.261
329,-20.588,-31.342,-24.527,0.000,6.667,0.000,-22.300,-33.443,-53.346,28.946,49.701
330,8.703,45.844,-19.828,8.259,41.192,0.000,4.739,46.006,-14.869,6.351,20.372
331,-10.872,16.109,-56.793,9.118,8.979,0.000,-8.533,11.975,-43.056,14.536,60.629
332,71.637,-43.758,-1.839,44.438,0.000,0.000,73.709,-41.600,-1.929,2.993,51.555
333,-83.981,19.982,-6.007,0.000,17.489,0.000,-113.141,43.319,38.429,58.047,84.232
334,-56.582,40.680,-54.090,0.000,5.495,0.000,-60.613,43.081,-56.330,5.199,85.821
335,59.954,-7.554,-47.238,53.998,0.000,0.000,65.357,-6.746,-43.352,6.705,48.208
336,74.758,-46.507,-71.521,42.589,0.000,0.000,73.476,-51.129,-76.164,6.675,91.176
337,-0.011,20.218,-59.928,12.851,10.807,0.000,17.224,15.691,-83.366,29.443,62.011
338,4.993,20.336,-42.633,46.578,0.000,0.000,12.491,20.452,-40.465,7.806,62.932
339,-72.552,18.154,-5.023,0.000,25.964,0.000,-66.397,20.480,3.674,10.905,73.143
340,-55.321,-48.590,-50.444,4.067,0.000,0.000,-56.403,-41.618,-44.533,9.204,91.828
341,-82.581,39.503,-25.531,0.000,7.720,0.000,-57.802,62.975,-55.813,45.629,92.096
342,-79.072,-23.267,-56.936,0.000,8.424,0.000,-68.692,-21.787,-61.243,11.335,102.462
343,-31.613,-13.642,-76.996,0.000,0.000,0.000,-20.420,-16.427,-74.768,11.747,84.344
344,-39.280,-20.756,-78.559,0.000,10.138,0.000,-34.514,-1.734,-97.900,27.543,93.107
345,-0.527,47.865,-55.912,0.000,23.577,0.000,4.614,55.536,-41.925,16.760,60.961
346,92.356,30.765,-50.481,49.216,9.814,0.000,89.903,27.259,58.868,109.433,69.630
347,7.366,24.000,-0.566,23.920,16.185,0.000,14.657,20.850,9.835,13.086,18.315
348,-89.566,-43.839,-8.863,0.000,0.000,0.000,-89.984,-38.454,-0.401,10.039,100.112
349,57.269,24.852,-11.318,19.634,1.395,0.000,48.794,24.356,-12.021,8.518,45.768
350,-2.917,-12.858,-31.797,2.600,0.000,0.000,-13.069,-23.245,-61.728,33.269,34.739
351,-58.170,-47.042,-27.779,0.000,0.000,0.000,-58.764,-42.129,-4.917,23.391,79.802
352,-63.253,43.467,-2.119,0.000,9.758,0.000,-18.698,-1.630,-45.782,76.975,71.705
353,91.686,32.912,-9.694,63.405,2.392,0.000,147.447,39.587,-31.073,60.091,42.723
354,40.595,-39.429,-15.395,34.360,0.000,0.000,48.158,-44.448,-8.379,11.472,42.784
355,-46.671,-0.799,-27.806,0.000,7.058,0.000,-31.489,-1.551,-33.800,16.340,54.892
356,16.632,47.349,-58.572,48.022,0.512,0.000,19.080,47.621,-65.129,7.004,81.301
357,-82.029,33.036,-6.197,0.000,0.000,0.000,-78.848,44.196,53.080,60.402,88.649
358,-2.486,-32.678,-36.163,0.000,12.939,0.000,1.706,-25.770,-23.730,14.828,58.266
359,9.101,-4.379,-15.597,9.321,12.199,0.000,20.937,-7.780,-5.840,15.712,22.763
360,6.209,46.747,-49.958,0.000,26.438,0.000,5.530,37.293,-56.467,11.498,54.284
361,-3.666,-5.195,-67.912,21.912,0.000,0.000,8.040,-8.464,-70.743,12.480,72.755
362,67.168,4.524,-38.853,37.335,0.000,0.000,74.878,7.049,-42.553,8.917,49.193
363,-60.839,-14.251,-13.711,0.000,0.000,0.000,-60.173,-17.407,-10.510,4.544,63.972
364,37.849,-11.293,-34.720,30.138,0.000,0.000,40.407,-11.511,-23.639,11.375,37.315
365,18.472,15.832,-29.126,0.000,0.000,0.000,1.244,23.116,-13.839,24.156,37.950
366,0.174,22.953,-45.794,0.000,0.000,0.000,-0.752,20.436,-44.774,2.869,51.225
367,84.836,26.720,-27.291,65.092,21.123,0.000,83.189,14.859,-26.740,11.987,34.146
368,7.622,44.046,-40.732,5.204,0.000,0.000,-15.618,38.660,-79.820,45.793,60.041
369,29.824,41.633,-42.282,48.688,0.000,0.000,30.938,42.384,-48.520,6.380,62.266
370,-24.910,-46.709,-40.802,0.000,0.000,0.000,-24.508,-52.494,-43.308,6.317,66.836
371,-65.875,11.682,-52.020,0.000,3.304,0.000,-73.901,8.506,-52.341,8.638,84.355
372,87.832,-20.533,-6.462,78.079,0.000,0.000,95.085,-21.667,-9.758,8.047,23.633
373,-68.910,-42.851,-8.168,0.000,0.106,0.000,-77.272,-47.236,-17.996,13.628,81.613
374,-5.566,32.234,-26.460,0.000,18.110,0.000,-8.787,34.520,-21.291,6.505,30.506
375,81.545,19.250,-13.856,61.671,0.000,0.000,84.330,18.179,-21.814,8.499,30.944
376,3.206,31.761,-41.890,0.000,6.919,0.000,-2.970,33.308,-32.747,11.142,48.808
377,-4.029,-19.699,-10.366,21.056,0.000,0.000,-31.028,188.977,129.044,252.408,33.537
378,24.559,-19.989,-18.305,23.247,0.000,0.000,18.104,-17.062,-30.142,13.796,27.136
379,-29.241,-36.332,-0.240,23.692,0.000,0.000,25.021,-51.456,108.719,122.659,64.202
380,87.317,-23.933,-60.593,19.146,0.000,0.000,56.986,6.942,-134.571,85.709,94.295
381,37.095,25.060,-66.290,26.379,0.000,0.000,43.472,23.171,-69.367,7.328,71.674
382,49.844,-9.473,-26.969,34.456,3.941,0.000,51.127,-15.368,-3.705,24.034,33.824
383,20.991,-42.462,-9.724,0.000,0.000,0.000,23.198,-44.405,-8.186,3.319,48.355
384,-19.823,42.529,-30.359,0.000,32.555,0.000,-21.545,40.684,-16.491,14.095,37.604
385,87.337,39.116,-0.511,58.127,0.000,0.000,83.453,36.841,4.964,7.088,48.822
386,-76.260,0.590,-1.483,0.000,8.270,0.000,-0.049,-38.088,-152.000,173.089,76.660
387,-11.218,1.936,-67.359,1.989,11.442,0.000,-8.442,3.260,-70.540,4.425,69.297
388,-1.454,8.384,-49.467,0.000,0.170,0.000,-10.193,10.460,-47.582,9.178,50.165
389,67.565,31.403,-16.951,64.942,0.000,0.000,66.910,27.710,-7.109,10.532,35.782
390,49.699,13.557,-16.732,61.662,0.000,0.000,49.260,7.626,-8.381,10.252,24.635
391,61.470,10.026,-15.684,53.045,0.000,0.000,-7.493,11.929,-99.933,108.892,20.432
392,-16.541,-31.940,-27.447,12.751,0.000,0.000,-18.976,-36.052,-19.369,9.386,51.298
393,97.717,16.493,-11.008,74.462,3.199,0.000,129.970,197.996,32.262,189.356,28.960
394,71.618,6.596,-22.494,41.690,0.000,0.000,142.619,45.211,26.936,94.740,38.015
395,27.454,3.155,-54.019,37.933,8.075,0.000,40.831,6.622,-44.283,16.904,55.246
396,-53.160,-14.656,-52.557,0.000,0.000,0.000,-56.494,-6.909,-36.842,17.835,76.178
397,72.232,12.253,-8.530,82.022,0.000,0.000,82.574,32.151,-6.283,22.538,17.853
398,-86.527,-1.348,-79.812,32.316,0.303,0.000,-97.552,-17.174,-83.847,19.705,143.165
399,24.615,-20.183,-9.800,29.503,0.000,0.000,25.371,-21.897,-6.251,4.013,22.963
400,-33.815,-19.068,-25.755,0.000,6.787,0.000,-33.328,-22.817,-27.808,4.302,49.752
401,-98.585,-1.442,-19.651,0.000,0.000,0.000,-145.121,-3.705,40.383,75.992,100.535
402,-75.506,-9.897,-6.380,0.000,0.000,0.000,-77.065,-17.751,-8.036,8.176,76.419
403,7.454,-20.220,-56.573,0.000,0.000,0.000,15.386,-10.676,-58.197,12.516,60.539
404,-8.859,44.413,-14.746,0.000,3.167,0.000,-13.026,37.678,-1.447,15.479,44.690
405,-32.325,16.803,-26.452,0.000,21.809,0.000,-30.005,13.015,-29.725,5.517,42.068
406,-24.343,2.657,-64.498,9.366,26.652,0.000,-25.936,-1.977,-68.289,6.196,76.629
407,50.299,-12.522,-13.820,22.836,0.000,0.000,52.889,-11.251,-9.075,5.553,33.197
408,-38.629,45.644,-12.540,0.000,0.000,0.000,-121.853,124.961,71.773,142.570,61.097
409,-80.274,7.830,-24.051,0.000,27.135,0.000,-82.067,6.967,-24.359,2.013,85.995
410,88.981,-9.000,-9.729,55.244,4.337,0.000,125.374,6.088,45.289,67.670,37.560
411,51.425,25.696,-11.217,32.140,0.000,0.000,49.850,31.264,-15.481,7.187,34.029
412,93.178,-2.989,-26.287,58.745,12.505,0.000,95.931,9.273,-31.190,13.490,46.008
413,-43.291,20.264,-21.524,0.000,4.512,0.000,-46.975,16.895,-28.347,8.455,50.848
414,-69.487,3.678,-19.128,0.000,2.967,0.000,-68.716,5.813,-10.450,8.970,72.075
415,-6.812,-46.595,-38.156,0.000,5.154,0.000,-5.893,-42.714,-33.157,6.395,64.655
416,-68.669,4.302,-23.549,0.000,0.000,0.000,-86.711,-6.933,23.688,51.799,72.722
417,-31.139,3.011,-29.232,0.000,0.000,0.000,-34.720,-3.529,-15.773,15.386,42.815
418,-42.615,-10.938,-33.633,0.000,0.000,0.000,-40.038,-9.982,-22.268,11.692,55.379
419,-40.610,21.712,-18.897,0.000,0.000,0.000,-93.610,-1.904,79.196,113.970,49.777
420,31.261,-32.200,-47.739,45.730,0.000,0.000,31.342,-32.244,-37.961,9.779,59.374
421,-51.989,9.068,-22.081,0.000,0.000,0.000,-52.411,2.814,-16.445,8.429,57.207
422,-12.108,11.200,-68.289,0.000,5.983,0.000,-22.247,11.530,-46.755,23.804,69.550
423,-28.361,41.777,-52.082,0.000,24.706,0.000,-19.512,46.356,-57.135,11.172,61.712
424,-2.613,-3.590,-31.070,0.000,17.896,0.000,2.185,-4.953,-39.338,9.656,37.866
425,-66.058,-6.647,-72.388,0.000,10.643,0.000,-62.354,-8.117,-65.807,7.694,99.512
426,-30.718,-5.015,-40.864,0.000,0.139,0.000,-27.632,-4.069,-48.579,8.363,51.381
427,41.286,-43.264,-10.199,46.436,0.000,0.000,43.673,-36.323,-6.995,8.009,44.748
428,42.759,30.281,-31.603,30.635,0.000,0.000,51.826,34.720,-50.443,21.374,45.417
429,-16.463,-28.045,-9.412,12.384,0.000,0.000,-10.872,-27.396,4.599,15.099,41.319
430,35.552,41.203,-57.018,29.656,0.000,0.000,36.968,37.264,-60.917,5.721,70.594
431,-49.470,43.909,-73.349,0.000,7.708,0.000,-53.641,46.690,-83.640,11.447,95.592
432,90.301,-32.100,-29.109,71.986,0.000,0.000,92.953,-28.496,-5.185,24.339,47.045
433,-7.624,-42.753,-3.338,10.895,0.000,0.000,-27.031,-49.150,9.417,24.089,46.711
434,-30.497,1.204,-8.793,0.000,3.091,0.000,-16.387,-2.730,-8.685,14.648,31.795
435,25.853,-11.239,-17.097,58.049,0.000,0.000,26.133,-22.105,-27.095,14.768,38.147
436,59.151,35.441,-25.106,0.000,7.968,0.000,62.057,35.778,-43.680,18.803,69.885
437,-68.225,38.892,-79.907,16.556,0.000,0.000,-72.113,37.664,-79.734,4.081,122.824
438,-35.609,-32.276,-17.890,0.000,1.823,0.000,-30.771,-35.536,-15.618,6.261,52.448
439,49.401,22.127,-34.926,43.403,0.000,0.000,47.506,16.517,-28.345,8.852,41.778
440,82.433,-8.386,-2.648,50.563,0.000,0.000,-28.264,152.786,-142.120,240.172,33.061
441,14.208,-23.160,-25.017,61.239,9.772,0.000,62.148,-99.516,12.709,97.732,62.628
442,-86.668,9.800,-72.108,1.556,21.034,0.000,10.920,-59.029,92.868,203.661,114.495
443,-62.269,-6.334,-28.311,0.000,0.000,0.000,-58.456,-19.520,-13.142,20.458,68.696
444,11.908,-20.893,-19.817,3.636,24.223,0.000,12.868,-23.669,-18.684,3.148,49.966
445,44.626,14.295,-79.950,49.068,0.000,0.000,50.024,9.427,-80.987,7.342,81.339
446,6.296,-20.852,-30.687,0.000,0.000,0.000,-5.298,-15.349,-15.464,19.911,37.632
447,-24.343,23.235,-26.598,0.000,17.356,0.000,-41.745,42.420,-74.539,54.491,36.532
448,-58.732,23.528,-10.071,0.000,0.000,0.000,-55.317,22.860,-2.802,8.058,64.066
449,53.439,20.509,-60.723,85.706,0.000,0.000,62.407,14.764,-92.047,33.086,71.756
450,-42.660,-5.263,-40.944,27.068,0.000,0.000,-42.115,-5.269,-33.517,7.447,81.031
451,30.216,-12.791,-53.973,42.697,33.720,0.000,28.937,-198.000,33.111,204.664,72.334
452,57.694,-12.662,-8.031,78.961,6.078,0.000,77.654,15.675,48.888,66.642,29.462
453,80.375,-42.766,-18.688,61.247,0.000,0.000,65.157,-34.144,-27.317,19.503,50.438
454,21.680,-41.702,-61.801,72.310,0.000,0.000,21.762,-47.733,-66.618,7.719,90.121
455,-82.411,9.135,-23.462,0.000,4.414,0.000,-86.520,5.170,-30.039,8.711,85.815
456,-24.168,12.451,-28.128,0.000,13.872,0.000,-22.751,15.353,-33.424,6.203,37.112
457,-1.987,-7.438,-1.450,0.000,5.295,0.000,92.696,40.925,-67.220,125.018,12.969
458,26.503,-19.490,-73.297,0.000,0.000,0.000,22.015,-30.868,-65.064,14.744,80.342
459,-0.445,36.613,-9.577,0.000,35.088,0.000,-76.445,68.844,53.302,103.772,9.708
460,50.434,-19.205,-40.702,29.760,0.000,0.000,55.367,-24.452,-45.357,8.576,49.527
461,53.323,-8.763,-6.896,12.490,0.000,0.000,58.983,-3.799,-14.585,10.761,42.328
462,-67.183,-11.550,-0.768,0.000,0.000,0.000,-69.901,-10.066,4.176,5.835,68.172
463,17.270,-43.145,-3.840,52.395,0.000,0.000,11.822,-44.807,0.727,7.301,55.768
464,46.469,-42.851,-15.296,37.191,0.000,0.000,44.375,-38.890,6.766,22.512,46.436
465,-21.962,14.368,-36.892,18.784,43.705,0.000,-34.418,19.789,-37.498,13.599,62.305
466,-31.206,-43.124,-48.154,0.000,0.000,0.000,-15.308,-46.402,-52.469,16.796,71.779
467,75.067,1.788,-43.047,50.451,14.527,0.000,78.521,0.595,-44.980,4.134,51.198
468,-81.269,16.321,-7.463,0.000,0.000,0.000,-96.471,-1.929,-17.104,25.635,83.227
469,-0.578,4.941,-3.566,0.000,0.000,0.000,-3.863,2.671,5.142,9.580,6.121
470,-47.007,-29.780,-40.840,0.000,0.000,0.000,-49.371,-31.840,-32.673,8.748,69.024
471,84.204,9.754,-33.061,38.352,0.000,0.000,90.700,11.366,-31.107,6.972,57.364
472,75.980,-7.601,-34.101,19.556,0.000,0.000,70.079,-10.560,-37.666,7.502,66.365
473,9.706,41.831,-15.033,3.711,38.908,0.000,31.713,59.871,98.114,116.670,16.446
474,42.815,39.998,-39.448,25.405,0.000,0.000,46.671,39.686,-44.409,6.291,58.814
475,16.939,38.881,-22.855,27.156,13.305,0.000,64.142,-43.988,111.771,164.983,35.789
476,-7.906,-16.353,-22.756,40.071,0.000,0.000,-6.856,-14.425,-28.118,5.794,55.561
477,12.901,-38.598,-55.832,4.651,0.000,0.000,11.281,-47.639,-48.114,11.998,68.375
478,45.149,-44.425,-45.219,0.000,0.000,0.000,45.447,-42.138,-51.251,6.458,77.825
479,-4.829,21.410,-64.393,0.000,0.000,0.000,-9.546,36.682,-56.616,17.775,68.031
480,-74.518,-15.053,-45.545,0.000,0.000,0.000,-81.268,-15.558,-24.612,22.001,88.622
481,-21.706,-17.837,-14.293,0.000,0.000,0.000,-22.225,-22.375,-8.296,7.539,31.522
482,-83.411,-27.992,-42.135,0.000,0.000,0.000,-84.209,13.936,68.984,118.768,97.551
483,20.335,-8.655,-28.297,0.000,0.000,0.000,17.649,-13.705,-33.861,7.980,35.905
484,11.133,35.888,-11.407,0.000,0.000,0.000,6.195,34.398,2.156,14.511,39.268
485,26.728,47.321,-37.842,23.563,0.000,0.000,25.436,40.538,-33.067,8.396,60.674
486,73.959,5.404,-11.383,47.850,11.353,0.000,71.819,19.980,-32.256,25.549,29.096
487,-83.075,-5.905,-39.550,0.000,0.000,0.000,-82.861,4.788,-33.556,12.260,92.198
488,-56.248,-43.881,-68.944,0.000,0.000,0.000,-56.613,-47.520,-67.786,3.836,99.210
489,-3.716,46.355,-32.008,0.000,18.948,0.000,-5.988,50.887,-34.878,5.826,42.302
490,-70.205,-28.873,-32.471,0.000,0.000,0.000,-70.337,-19.304,-19.389,16.209,82.564
491,-87.911,-30.399,-37.085,0.000,0.000,0.000,-94.563,-34.483,-41.774,9.106,100.138
492,-63.068,11.700,-49.715,0.000,0.000,0.000,-66.795,11.836,-46.042,5.235,81.154
493,-48.579,-42.159,-78.219,0.000,3.461,0.000,-51.339,-48.398,-77.691,6.843,102.758
494,-1.104,47.336,-51.552,0.000,18.382,0.000,-4.422,48.693,-47.289,5.570,59.137
495,87.876,-28.593,-65.824,9.844,32.353,0.000,92.808,-26.713,-77.129,12.477,118.896
496,-86.065,36.782,-11.856,0.000,0.000,0.000,-120.792,55.328,10.629,45.337,94.344
497,61.706,3.375,-3.497,56.074,9.441,0.000,60.159,5.561,-3.291,2.685,8.986
498,7.633,-21.262,-48.789,0.000,3.009,0.000,13.974,-16.275,-37.640,13.762,55.025
499,-68.674,25.785,-7.902,0.000,31.114,0.000,-70.862,20.988,-10.248,5.770,69.332
500,-68.370,-33.156,-64.279,0.000,2.848,0.000,-65.938,-40.775,-62.643,8.163,100.511
501,-54.651,-20.239,-46.786,0.000,0.000,0.000,-51.445,-30.504,-38.493,13.581,74.735
502,65.351,-7.551,-33.474,68.470,0.000,0.000,36.587,-26.575,-95.428,70.905,34.457
503,77.053,39.157,-11.728,87.577,0.899,0.000,76.447,34.172,-9.713,5.410,41.376
504,-12.426,19.104,-16.276,0.000,1.209,0.000,-6.701,19.203,-19.602,6.621,27.194
505,-49.477,-39.460,-48.579,0.000,0.000,0.000,-57.378,-43.174,-23.622,26.439,79.781
506,-67.501,30.677,-46.417,0.000,4.316,0.000,-69.878,40.605,-46.954,10.222,86.057
507,21.697,44.433,-33.036,23.051,0.000,0.000,74.409,195.093,93.769,203.855,55.385
508,21.437,3.448,-21.807,20.329,14.200,0.000,24.404,1.605,-12.560,9.884,24.339
509,48.982,-31.954,-13.847,48.239,0.000,0.000,54.388,-33.494,-14.425,5.651,34.833
510,18.709,-17.506,-62.487,18.211,0.000,0.000,30.189,-21.649,-54.661,14.498,64.895
511,85.552,-9.040,-75.391,65.572,0.000,0.000,126.283,35.821,-60.780,62.330,78.516
512,-52.493,3.982,-55.767,0.000,0.000,0.000,-52.966,2.328,-51.597,4.511,76.689
513,66.076,-13.831,-11.024,57.890,0.000,0.000,68.517,4.289,-6.980,18.726,19.489
514,-48.905,-1.445,-2.074,0.000,8.868,0.000,-45.705,6.971,-2.612,9.020,50.023
515,-52.701,-30.436,-14.184,0.000,0.000,0.000,-123.237,-63.874,-4.636,78.642,62.490
516,-91.585,10.948,-46.116,0.000,0.000,0.000,-93.324,13.086,-51.150,5.739,103.123
517,-26.791,31.022,-3.669,0.000,0.000,0.000,-27.900,34.781,5.201,9.698,41.153
518,66.859,-33.196,-39.782,55.983,0.000,0.000,60.424,-40.682,-48.749,13.335,52.942
519,29.045,37.692,-0.715,0.000,0.000,0.000,24.914,38.675,6.199,8.114,47.590
520,67.218,-0.575,-65.719,69.988,11.434,0.000,83.827,0.291,-52.456,21.272,66.865
521,74.697,-16.585,-29.368,65.882,0.000,0.000,80.187,-22.379,-37.934,11.709,34.861
522,-13.496,-22.459,-27.030,5.629,0.000,0.000,-9.904,-24.374,-24.702,4.689,40.010
523,-80.844,-31.593,-37.398,3.387,12.595,0.000,1.125,-82.740,66.938,142.201,102.206
524,-65.449,-29.060,-71.760,0.000,0.000,0.000,-58.314,-27.992,-91.537,21.051,101.378
525,-52.301,-44.720,-32.749,15.920,3.362,0.000,-53.720,-58.437,-18.443,19.870,89.657
526,-6.526,16.776,-26.540,0.000,0.000,0.000,-3.345,13.294,-15.866,11.670,32.068
527,-7.154,-20.224,-21.630,0.000,0.000,0.000,-12.577,-24.845,-4.326,18.712,30.463
528,74.748,37.396,-76.978,26.195,0.000,0.000,77.603,34.823,-74.983,4.330,98.394
529,-74.424,-17.175,-39.605,0.000,0.455,0.000,-58.294,-18.879,-48.938,18.714,86.129
530,-78.725,9.252,-12.877,0.000,0.000,0.000,-77.811,8.922,-8.255,4.723,80.306
531,-22.418,-1.248,-57.086,0.000,0.000,0.000,-22.255,-12.117,-40.892,19.504,61.342
532,-28.063,9.205,-0.588,0.000,0.000,0.000,-27.462,12.337,0.745,3.457,29.540
533,6.984,26.138,-17.055,38.135,0.000,0.000,8.751,23.755,-23.946,7.502,44.096
534,-29.162,-10.758,-5.413,0.000,16.865,0.000,-26.518,-25.507,0.923,16.269,40.530
535,54.499,17.127,-26.196,28.787,0.000,0.000,61.804,20.693,-35.050,12.019,40.506
536,12.035,9.649,-13.503,0.000,0.000,0.000,11.453,11.787,-10.398,3.814,20.500
537,3.181,-7.956,-28.119,0.000,2.950,0.000,0.377,-10.197,-24.781,4.902,30.328
538,74.426,32.023,-76.376,54.024,17.226,0.000,61.644,28.741,-103.275,29.962,80.426
539,68.138,31.413,-1.321,23.962,29.537,0.000,65.627,31.266,2.420,4.508,44.236
540,-74.515,47.364,-16.272,0.000,4.316,0.000,-95.304,27.150,-23.849,29.970,87.581
541,23.901,-22.561,-47.441,44.186,0.000,0.000,-1.060,-25.112,-94.815,53.608,56.313
542,23.325,-29.845,-4.253,15.125,0.000,0.000,23.928,-28.349,-1.582,3.120,31.242
543,-94.559,-16.921,-18.214,0.000,0.000,0.000,-103.832,-6.417,31.167,51.331,97.772
544,-15.921,-19.567,-1.369,0.000,0.000,0.000,-100.587,174.786,113.424,241.078,25.263
545,-12.687,14.688,-34.400,0.000,0.000,0.000,-8.141,20.720,-28.633,9.504,39.498
546,-6.672,-47.063,-9.680,47.627,0.000,0.000,-4.517,198.000,121.288,277.872,72.506
547,-83.849,-24.572,-32.581,0.000,0.000,0.000,-86.083,-11.863,-21.717,16.868,93.252
548,-43.540,11.191,-68.270,0.000,9.467,0.000,-48.411,17.465,-76.371,11.346,80.991
549,-95.629,5.218,-62.116,0.000,6.591,0.000,-59.680,1.486,-82.163,41.330,114.041
550,-26.811,-30.494,-22.151,0.000,0.000,0.000,-25.160,-32.653,-6.106,16.274,46.254
551,20.495,-27.150,-52.779,0.000,0.000,0.000,0.795,-23.518,-42.587,22.476,62.792
552,-34.042,-12.143,-19.339,24.568,7.238,0.000,-33.764,-6.258,-27.051,9.705,64.690
553,32.063,16.669,-18.510,0.000,0.000,0.000,29.435,13.934,-15.023,5.152,40.602
554,-43.975,43.136,-35.014,0.000,0.000,0.000,-84.307,198.000,23.239,170.302,70.855
555,67.789,8.030,-36.142,55.325,0.000,0.000,58.962,-6.033,-78.804,45.778,39.065
556,60.929,25.923,-9.759,40.316,37.068,0.000,72.117,60.146,102.380,117.777,25.384
557,82.860,-24.914,-53.990,57.672,0.000,0.000,88.443,-26.931,-42.298,13.113,64.576
558,54.980,-2.742,-72.041,90.173,0.000,0.000,71.124,-6.005,-58.775,21.148,80.225
559,79.843,-7.131,-17.721,86.286,0.000,0.000,144.248,-40.755,35.845,90.266,20.160
560,22.509,36.167,-71.935,52.579,21.956,0.000,28.325,39.677,-76.002,7.917,79.252
561,-58.736,-12.962,-1.097,0.000,0.000,0.000,-48.325,-12.137,3.820,11.544,60.160
562,-31.747,-37.664,-6.362,26.369,0.000,0.000,-28.200,-19.261,14.875,28.325,69.546
563,13.404,35.728,-6.858,19.797,0.000,0.000,11.418,38.312,-7.867,3.412,36.938
564,-27.236,10.237,-36.924,0.000,6.517,0.000,-40.956,7.435,-22.457,20.134,46.033
565,12.004,42.729,-56.087,10.887,24.035,0.000,9.923,50.790,-46.289,12.857,59.131
566,59.709,-24.871,-68.994,70.761,0.000,0.000,59.814,-28.963,-69.018,4.093,74.168
567,-52.587,-9.710,-10.956,38.475,2.096,0.000,-6.151,1.320,-9.139,47.762,92.475
568,12.161,9.201,-28.591,22.113,0.000,0.000,12.748,12.306,-21.416,7.840,31.641
569,84.456,-15.182,-32.317,84.307,0.000,0.000,94.825,-57.423,5.115,57.384,35.706
570,-23.267,-7.157,-74.608,8.737,8.213,0.000,-24.389,-6.198,-69.977,4.861,82.625
571,92.848,6.020,-78.001,59.710,0.000,0.000,86.901,16.869,-63.471,19.084,84.962
572,39.922,-25.663,-6.851,0.000,30.186,0.000,42.310,-17.521,-4.438,8.821,68.991
573,22.207,10.026,-17.674,21.643,0.000,0.000,94.269,57.453,-101.428,120.237,20.328
574,-26.174,48.299,-16.358,0.000,0.000,0.000,-29.950,46.962,-3.741,13.238,57.319
575,-40.016,-26.613,-77.403,0.000,1.391,0.000,-18.982,-37.478,-102.533,34.526,91.525
576,-59.682,14.701,-24.375,0.000,15.882,0.000,-64.539,20.082,-38.319,15.716,64.478
577,45.557,-15.095,-42.385,48.878,0.000,0.000,47.406,-16.022,-50.336,8.215,45.115
578,31.703,-1.853,-69.363,23.817,6.211,0.000,30.334,-0.051,-69.495,2.268,70.274
579,-94.416,28.068,-69.360,0.000,13.367,0.000,-83.634,16.207,67.089,137.387,118.073
580,54.720,40.504,-35.276,4.228,8.742,0.000,40.353,36.298,-35.448,14.971,69.302
581,-31.260,-10.488,-41.885,0.000,7.690,0.000,-30.383,-7.873,-42.733,2.886,55.335
582,-7.066,-32.297,-26.951,0.000,0.000,0.000,-1.553,-36.565,-20.663,9.388,42.654
583,19.666,21.650,-74.503,26.619,10.391,0.000,22.195,15.896,-62.353,13.679,75.669
584,-29.921,-20.948,-72.237,16.704,2.581,0.000,-28.167,-15.335,-65.852,8.681,89.139
585,92.428,22.303,-22.278,45.793,29.016,0.000,110.855,132.082,-67.698,120.225,52.118
586,37.626,-43.310,-59.509,55.434,11.572,0.000,23.880,-34.952,-66.070,17.374,82.888
587,-13.800,-29.909,-70.019,0.000,13.865,0.000,-23.900,-27.359,-65.793,11.242,83.722
588,47.261,-47.029,-21.253,61.267,0.000,0.000,52.167,-51.181,-10.570,12.467,53.476
589,-79.349,38.510,-21.817,0.000,0.000,0.000,-93.302,108.399,50.468,101.510,90.858
590,-42.505,5.147,-20.458,0.000,27.696,0.000,-44.721,7.322,-10.924,10.027,52.284
591,-38.960,1.189,-65.626,24.980,8.403,0.000,-40.841,-4.737,-75.269,11.473,91.909
592,-40.233,35.666,-70.357,0.000,9.725,0.000,-24.740,38.194,-81.792,19.421,85.098
593,72.495,-45.489,-44.004,55.419,0.000,0.000,20.933,-28.095,-14.915,61.704,65.553
594,-0.033,-40.546,-40.637,0.000,0.000,0.000,2.679,-39.314,-41.377,3.070,57.405
595,85.575,-24.610,-69.470,46.261,5.788,0.000,140.669,11.100,1.743,96.860,85.415
596,-25.568,-31.947,-59.866,0.000,0.000,0.000,-27.365,-41.686,-49.905,14.047,72.515
597,-49.637,-32.304,-6.566,0.000,4.661,0.000,-47.650,-39.115,-17.045,12.655,62.236
598,50.058,-10.039,-21.007,36.499,0.000,0.000,48.549,-11.606,-23.937,3.649,26.943
599,24.116,-38.710,-46.602,8.452,0.000,0.000,37.864,-41.966,-31.589,20.616,62.574
600,66.661,33.952,-56.422,16.133,11.111,0.000,75.153,33.431,-54.945,8.636,79.109
601,-60.833,-43.900,-40.093,0.000,0.000,0.000,-74.679,5.754,-39.506,51.551,85.061
602,76.184,38.571,-63.133,68.149,0.000,0.000,26.870,34.200,-38.512,55.291,74.418
603,-89.085,-7.524,-16.490,0.000,0.000,0.000,-80.093,-1.372,78.195,95.310,90.910
604,-32.042,-24.843,-21.180,0.000,0.000,0.000,-24.370,-32.413,-32.807,15.854,45.744
605,-76.065,-12.152,-32.140,0.000,8.623,0.000,-75.485,-16.898,-23.008,10.308,85.150
606,-27.110,-48.490,-27.907,0.000,0.000,0.000,-24.493,-54.748,-33.706,8.924,62.169
607,19.947,-47.532,-73.387,28.163,0.000,0.000,24.349,-56.127,-77.361,10.443,87.821
608,48.219,-0.587,-14.192,40.876,15.678,0.000,41.239,0.491,4.738,20.205,22.801
609,32.789,36.400,-27.157,28.387,0.000,0.000,36.217,38.281,-29.868,4.758,45.627
610,-95.753,-0.852,-18.787,0.000,0.000,0.000,-95.736,1.240,-20.023,2.430,97.582
611,27.183,-20.607,-36.557,54.441,0.000,0.000,28.948,-20.426,-47.280,10.869,50.040
612,19.965,8.344,-53.635,13.539,2.675,0.000,19.670,12.522,-52.286,4.400,54.315
613,97.904,0.733,-15.205,37.612,6.808,0.000,136.819,28.876,54.609,84.737,62.475
614,13.203,-48.242,-0.952,19.853,0.000,0.000,15.936,-47.099,-13.518,12.910,48.707
615,38.433,24.015,-59.005,28.443,5.635,0.000,50.795,26.401,-43.854,19.700,62.604
616,-95.829,10.965,-51.149,0.000,9.457,0.000,-112.235,-0.955,-28.218,30.612,108.635
617,15.855,24.020,-57.969,0.000,11.403,0.000,-1.126,31.053,-78.314,27.418,61.408
618,-6.473,42.247,-70.413,25.446,5.481,0.000,5.269,38.778,-83.853,18.180,85.607
619,29.118,32.474,-76.407,65.471,5.405,0.000,25.939,28.314,-78.648,5.695,88.838
620,-91.584,-13.222,-8.354,0.000,4.695,0.000,-95.210,-9.687,0.449,10.155,93.693
621,38.778,13.437,-0.649,29.483,18.585,0.000,42.829,15.900,7.127,9.108,10.646
622,58.725,34.965,-79.390,45.107,3.362,0.000,61.086,3.442,-93.344,34.554,86.527
623,53.585,14.605,-73.832,56.702,15.487,0.000,48.807,18.689,-77.325,7.190,73.904
624,-38.297,-40.457,-12.396,14.490,3.798,0.000,-44.894,-130.906,124.886,164.532,69.990
625,59.378,-22.930,-22.368,39.027,0.000,0.000,60.119,-31.886,-28.519,10.890,37.951
626,-39.373,-6.888,-71.437,21.433,0.000,0.000,-26.100,-11.332,-71.924,14.006,94.064
627,-36.702,-8.723,-26.745,0.000,0.000,0.000,-28.293,-27.084,-29.942,20.447,46.243
628,-54.210,-13.059,-70.651,0.000,6.826,0.000,-55.611,-11.365,-61.670,9.246,91.246
629,-55.665,-23.695,-25.947,0.000,0.000,0.000,-58.846,-28.566,-20.564,7.926,65.827
630,53.114,29.372,-11.747,44.048,15.856,0.000,58.491,35.078,12.757,25.727,20.072
631,68.726,-1.073,-16.725,72.796,0.561,0.000,70.167,2.942,-21.729,6.575,17.291
632,92.304,-32.466,-70.012,52.431,0.000,0.000,100.434,-20.187,-75.356,15.666,86.865
633,-86.251,16.803,-10.999,0.000,0.000,0.000,-89.717,11.491,-4.197,9.300,88.559
634,-42.957,-24.060,-24.036,0.000,2.430,0.000,-50.592,-30.546,-42.907,21.366,55.900
635,-37.182,-46.614,-75.729,23.162,0.000,0.000,-34.210,-52.274,-72.710,7.070,107.467
636,-94.685,21.622,-17.941,0.000,29.166,0.000,-92.362,21.481,-20.132,3.196,96.664
637,22.259,-1.268,-54.046,31.381,8.145,0.000,24.102,3.910,-64.815,12.090,55.613
638,-47.800,-1.955,-12.684,9.026,1.001,0.000,-43.967,1.005,12.255,25.404,58.299
639,-68.710,19.291,-13.316,0.000,0.000,0.000,-66.115,5.834,-36.604,27.021,72.598
640,76.656,-18.140,-64.241,65.314,0.000,0.000,84.083,-4.422,-46.159,23.881,67.709
641,24.893,-35.751,-42.267,0.000,0.000,0.000,22.213,-49.698,-37.336,15.035,60.698
642,-81.083,-37.365,-0.776,0.000,0.000,0.000,-35.662,-46.725,137.022,145.393,89.282
643,14.065,-1.923,-15.227,0.000,6.954,0.000,13.126,-2.652,-6.344,8.962,22.550
644,97.346,-12.015,-67.905,71.201,0.000,0.000,30.282,-34.632,-128.965,93.474,73.750
645,-99.039,-0.746,-52.456,0.000,5.269,0.000,-86.098,-2.833,-51.017,13.187,112.235
646,-86.269,-27.317,-38.609,0.000,14.068,0.000,-83.104,17.865,64.159,112.306,103.177
647,-78.312,-26.173,-72.031,0.000,0.000,0.000,-88.615,-24.243,-80.719,13.615,109.573
648,-57.474,44.499,-0.965,0.000,3.024,0.000,-57.711,43.194,2.150,3.385,70.883
649,97.224,0.901,-41.906,91.504,0.033,0.000,100.883,-0.156,-15.453,26.725,42.303
650,-76.251,37.137,-50.922,0.000,7.414,0.000,-72.114,35.184,-46.489,6.370,96.388
651,-77.913,39.774,-58.492,0.000,16.142,0.000,-83.870,56.173,-56.388,17.573,100.251
652,81.287,-2.218,-24.848,64.935,0.000,0.000,84.467,-2.969,-17.062,8.443,29.828
653,-85.882,8.949,-15.954,0.000,0.000,0.000,-73.145,-0.206,-51.605,38.950,87.809
654,-94.365,-24.513,-66.413,0.000,0.000,0.000,-100.049,-48.316,-48.766,30.171,117.967
655,11.492,-11.199,-58.018,37.091,0.000,0.000,7.422,-10.917,-51.700,7.521,64.396
656,22.907,27.068,-76.767,29.555,10.772,0.000,23.108,21.975,-81.341,6.848,78.759
657,-17.084,-3.098,-61.610,0.000,8.851,0.000,-21.767,-14.069,-78.610,20.768,65.042
658,-68.848,-19.720,-14.848,0.000,0.000,0.000,-52.736,-32.824,25.073,44.999,73.139
659,-61.001,13.796,-29.732,0.000,6.171,0.000,-56.422,8.147,-19.581,12.487,68.288
660,6.375,16.387,-16.023,24.051,37.131,0.000,-18.592,56.207,-58.986,63.678,31.615
661,21.157,-13.434,-32.252,10.585,1.366,0.000,24.895,-11.576,-36.974,6.302,37.027
662,-45.778,37.822,-36.755,0.000,0.000,0.000,-81.195,59.574,74.607,118.866,69.836
663,67.440,31.497,-7.864,69.868,0.000,0.000,54.721,198.000,-128.912,206.246,32.555
664,13.151,43.727,-51.041,16.674,24.278,0.000,9.341,47.191,-52.466,5.342,54.735
665,3.432,-34.730,-37.239,3.249,0.000,0.000,5.547,-47.576,-29.208,15.296,50.922
666,-92.103,21.117,-32.156,0.000,0.000,0.000,-95.263,20.129,-27.751,5.511,99.814
667,-89.770,22.262,-47.327,0.000,25.975,0.000,-99.825,17.636,-46.140,11.132,101.549
668,-5.184,2.453,-54.642,0.000,5.682,0.000,-22.771,-0.412,-52.436,17.955,54.983
669,-85.730,6.496,-53.265,0.000,0.000,0.000,-48.516,16.415,-79.926,46.841,101.138
670,67.642,-46.953,-67.379,60.845,4.584,0.000,73.787,-43.557,-57.368,12.227,85.101
671,-3.404,6.423,-4.246,0.000,22.180,0.000,-6.155,3.895,6.992,11.842,16.670
672,-12.851,13.581,-12.880,23.709,3.397,0.000,-13.642,15.582,-16.210,3.965,40.078
673,-88.823,42.029,-6.843,0.000,27.824,0.000,-87.521,21.776,-8.879,20.397,90.212
674,-69.301,-44.841,-55.079,0.000,0.000,0.000,-61.611,-30.935,-21.376,37.261,99.232
675,-46.681,33.153,-2.249,0.000,0.000,0.000,-76.983,41.726,60.343,70.068,57.300
676,94.566,-17.366,-40.913,101.365,0.000,0.000,97.287,-15.014,-30.838,10.697,44.963
677,46.913,-36.329,-16.930,54.165,0.000,0.000,29.418,-61.421,-55.965,49.593,40.731
678,65.801,-35.563,-42.452,74.256,0.000,0.000,69.344,-30.487,-46.317,7.298,56.021
679,-17.329,46.738,-28.309,12.054,16.129,0.000,-16.319,52.302,-28.927,5.689,51.007
680,-2.070,33.209,-31.695,0.000,12.821,0.000,-113.043,69.080,-80.647,126.483,37.743
681,24.414,29.297,-49.216,127133.523,35042.379,0.000,25.287,29.107,-39.932,9.327,131843.256
682,-26.596,11.220,-62.083,0.000,3.103,0.000,-97.172,115.865,-18.301,133.598,68.025
683,60.275,45.377,-4.600,89.511,12.544,0.000,72.890,100.353,-18.957,58.204,44.202
684,74.563,-1.927,-75.439,35.013,0.000,0.000,80.518,-6.108,-78.512,7.899,85.199
685,45.772,35.471,-73.762,54.610,3.979,0.000,47.643,31.518,-70.455,5.483,80.689
686,-71.236,18.336,-4.778,0.000,11.777,0.000,-71.876,18.541,4.703,9.504,71.697
687,37.528,30.528,-23.140,0.000,46.201,0.000,32.103,37.505,-5.977,19.304,46.791
688,43.619,45.187,-11.804,23.510,4.051,0.000,50.736,53.358,-10.160,10.960,47.285
689,-33.676,12.914,-2.872,0.000,0.000,0.000,-45.312,20.593,56.944,61.420,36.181
690,35.714,43.746,-66.066,0.929,32.166,0.000,78.933,72.109,-87.483,55.955,75.557
691,-45.133,-44.346,-7.012,0.000,0.000,0.000,-47.305,-42.578,-9.026,3.450,63.661
692,79.058,-34.558,-48.829,73.100,0.000,0.000,90.587,-20.665,39.364,90.023,60.117
693,88.410,24.210,-29.977,83.371,14.780,0.000,82.113,32.692,-60.920,32.697,31.827
694,63.402,-0.015,-42.421,52.149,0.000,0.000,68.778,-3.648,-32.944,11.486,43.888
695,21.663,15.106,-10.649,41.086,0.000,0.000,21.323,5.261,-15.666,11.055,26.811
696,20.862,7.453,-61.675,0.000,12.223,0.000,17.751,9.987,-56.028,6.928,65.282
697,33.112,3.985,-49.066,0.000,0.000,0.000,25.397,0.783,-44.185,9.675,59.328
698,-26.037,-25.505,-65.118,0.000,9.824,0.000,-28.850,-29.649,-54.222,11.992,78.526
699,-21.359,-22.324,-11.929,0.000,0.000,0.000,-35.718,-30.259,29.930,44.960,33.119
700,64.827,14.615,-49.972,67.544,19.488,0.000,71.342,13.530,-52.344,7.017,50.283
701,-69.410,2.318,-60.237,0.000,5.316,0.000,-73.374,-3.669,-69.320,11.578,91.952
702,-54.064,31.160,-78.733,6.607,3.006,0.000,-38.997,49.739,-109.958,39.334,103.308
703,58.078,-6.319,-18.087,58.349,9.419,0.000,69.584,31.356,-22.306,39.619,23.978
704,34.095,-45.813,-66.751,58.142,0.000,0.000,43.145,-44.486,-43.493,24.992,84.456
705,45.582,-7.977,-40.142,42.965,0.000,0.000,43.272,-8.654,-32.111,8.384,41.011
706,71.003,-9.570,-14.239,64.381,10.934,0.000,106.874,5.119,83.784,105.409,25.826
707,-7.093,-10.169,-26.139,0.000,0.000,0.000,-5.474,-20.251,-21.942,11.040,28.931
708,-12.217,11.294,-2.779,0.000,19.828,0.000,-10.557,10.002,4.712,7.781,15.160
709,-19.774,-30.680,-9.250,0.000,0.000,0.000,-26.957,-29.669,19.886,30.025,37.654
710,-77.755,-25.430,-38.777,0.000,2.605,0.000,-43.808,-198.000,29.606,188.703,91.299
711,36.123,-44.164,-9.709,37.408,0.000,0.000,50.819,-49.408,-35.773,30.378,45.237
712,-96.874,-23.407,-62.896,0.000,10.750,0.000,-98.387,2.643,46.739,112.697,120.446
713,-91.000,-3.816,-74.248,0.000,5.527,0.000,-115.677,-10.296,-80.789,26.338,117.818
714,22.325,23.419,-14.506,0.000,30.558,0.000,23.211,20.602,-28.072,13.883,27.564
715,39.904,34.901,-42.666,32.975,10.006,0.000,40.425,32.378,-45.986,4.202,49.881
716,-11.674,9.997,-38.732,0.000,8.267,0.000,-13.433,9.401,-41.928,3.696,40.490
717,-60.549,-28.659,-79.039,0.000,11.572,0.000,-54.492,-28.679,-80.204,6.168,107.387
718,85.412,-29.494,-27.930,72.219,0.000,0.000,39.582,-54.516,-90.228,81.287,42.709
719,59.311,37.534,-34.726,74.220,0.000,0.000,61.279,37.264,-34.932,1.997,53.263
720,31.332,29.299,-42.602,42.434,0.000,0.000,28.589,23.587,-45.447,6.946,52.883
721,-71.503,47.544,-9.716,0.000,19.977,0.000,-64.615,51.462,5.260,16.943,77.246
722,12.004,42.729,-56.087,10.438,24.108,0.000,10.571,52.742,-47.605,13.201,59.118
723,-61.436,13.239,-8.240,0.000,3.904,0.000,-60.400,14.144,-2.675,5.732,62.685
724,-23.328,8.163,-26.653,0.000,3.538,0.000,-37.771,26.653,-43.462,28.862,35.721
725,70.578,3.928,-57.436,75.641,23.969,0.000,37.267,2.692,-26.378,45.561,61.042
726,-53.625,-3.108,-47.319,0.000,3.771,0.000,-50.536,-8.126,-46.729,5.921,71.847
727,75.095,-19.868,-65.634,54.995,0.000,0.000,76.547,-12.010,-33.592,33.024,71.460
728,-39.990,44.668,-77.678,0.000,13.572,0.000,-46.044,42.086,-73.379,7.861,92.737
729,45.256,-43.354,-49.705,53.592,4.825,0.000,44.155,-37.668,-57.043,9.348,69.723
730,-25.381,20.936,-56.344,0.000,0.000,0.000,-24.816,17.345,-60.282,5.359,65.247
731,55.033,18.811,-1.654,30.228,20.171,0.000,56.687,25.815,8.320,12.299,24.897
732,26.182,-45.283,-7.282,0.000,0.000,0.000,12.375,-49.785,12.421,24.477,52.812
733,61.797,46.628,-33.610,11.197,26.306,0.000,78.718,45.311,-42.979,19.386,64.055
734,-63.733,-33.897,-68.261,12.350,5.986,0.000,-64.843,-33.339,-64.103,4.340,109.722
735,-84.376,-28.074,-17.533,0.000,0.000,0.000,-87.174,-10.509,82.038,101.147,90.636
736,61.240,38.442,-2.592,37.777,12.341,0.000,18.274,65.060,71.691,89.847,35.192
737,-8.550,22.254,-73.504,0.000,7.796,0.000,-15.009,16.829,-68.557,9.779,75.399
738,30.934,-3.881,-2.876,47.127,0.000,0.000,34.230,-3.440,-5.509,4.242,16.899
739,7.511,6.903,-13.210,2.291,0.000,0.000,26.928,-19.499,-33.968,38.795,15.792
740,57.312,16.700,-8.424,46.876,0.000,0.000,-48.237,197.997,-121.052,238.106,21.419
741,84.944,22.414,-20.374,62.251,0.000,0.000,111.550,37.766,36.673,64.791,37.848
742,18.349,45.262,-77.233,14.256,0.000,0.000,11.497,43.406,-83.734,9.627,89.612
743,63.291,-31.854,-47.916,40.743,6.345,0.000,59.498,-39.127,-40.895,10.798,65.296
744,-29.880,-30.999,-2.100,0.000,0.000,0.000,-41.218,-45.112,-25.068,29.245,43.106
745,-51.657,29.713,-28.104,0.000,8.394,0.000,-58.807,38.253,-16.159,16.332,62.552
746,-35.159,45.970,-72.577,0.000,1.627,0.000,-42.905,32.390,-87.376,21.528,92.032
747,-96.028,-8.240,-6.211,0.000,8.540,0.000,-93.402,-2.512,8.557,16.056,97.681
748,-12.144,44.123,-4.929,21.605,16.156,0.000,1.697,44.468,14.167,23.587,44.107
749,-15.277,-35.072,-76.611,1.703,16.573,0.000,-15.878,-43.051,-85.532,11.984,93.940
750,34.232,-45.003,-9.438,34.906,0.000,0.000,31.279,-43.900,-6.274,4.466,45.987
751,-1.530,34.332,-31.261,0.000,35.123,0.000,-7.248,36.872,-40.161,10.879,31.308
752,68.985,-2.979,-67.055,66.609,4.263,0.000,76.002,-1.898,-66.231,7.148,67.487
753,49.235,33.763,-18.605,31.144,0.000,0.000,57.731,33.391,-13.883,9.727,42.584
754,22.289,-25.034,-22.833,0.000,0.000,0.000,24.093,-30.080,-22.107,5.408,40.557
755,73.668,38.605,-4.416,58.956,16.164,0.000,120.221,81.516,30.341,72.226,27.195
756,-14.951,-17.085,-12.127,0.000,0.000,0.000,-19.585,-7.954,1.000,16.649,25.739
757,84.500,-15.532,-31.045,53.714,0.880,0.000,88.884,-2.972,-22.146,16.005,46.700
758,-69.240,-17.367,-53.702,0.000,0.000,0.000,-82.462,-11.170,-42.969,18.122,89.330
759,-87.908,-43.137,-2.445,0.000,0.000,0.000,-97.436,-45.732,-11.671,13.515,97.952
760,-15.361,-7.084,-19.876,0.000,14.987,0.000,-35.185,25.884,-78.514,70.131,33.439
761,-80.078,33.204,-0.682,0.000,0.000,0.000,-81.647,28.531,11.235,12.896,86.692
762,-45.291,40.238,-40.791,0.000,0.000,0.000,-50.852,34.636,-39.662,7.974,73.035
763,-89.318,-26.189,-16.448,0.000,0.000,0.000,-134.183,-58.797,10.301,61.576,94.521
764,-12.149,-12.996,-48.960,0.000,0.000,0.000,-79.880,43.600,75.995,152.985,52.092
765,68.372,0.181,-70.918,48.899,4.151,0.000,72.149,-2.410,-62.978,9.166,73.650
766,92.638,-8.558,-65.048,86.283,0.000,0.000,110.712,-3.941,-80.811,24.422,65.916
767,-92.293,-13.766,-30.341,0.000,0.000,0.000,-133.996,-68.871,31.086,92.461,98.122
768,-40.755,-44.217,-2.887,0.000,0.000,0.000,-30.338,-51.169,-23.241,23.898,60.203
769,-82.233,-46.250,-33.519,0.000,0.000,0.000,-83.406,-54.218,-29.447,9.025,100.124
770,-59.162,-32.708,-20.706,0.000,5.822,0.000,-65.718,-27.636,-34.795,16.346,73.576
771,78.691,35.068,-68.725,62.676,0.000,0.000,84.589,35.969,-56.011,14.045,78.800
772,-50.648,43.146,-67.356,0.000,22.963,0.000,-50.717,51.258,-74.145,10.579,86.657
773,26.744,41.831,-51.885,0.000,12.572,0.000,27.752,45.694,-42.177,10.497,65.294
774,75.995,-14.206,-6.716,20.434,0.000,0.000,74.787,-25.584,3.535,15.362,57.740
775,-45.657,26.326,-17.493,0.000,0.000,0.000,-52.367,31.094,-33.608,18.095,55.530
776,0.936,34.983,-39.071,9.652,0.627,0.000,48.021,26.137,-63.382,53.724,52.752
777,11.493,28.421,-8.333,0.000,45.066,0.000,-14.355,57.463,-54.324,60.222,21.877
778,26.286,-36.390,-25.735,5.009,0.000,0.000,25.236,-41.260,-30.992,7.243,49.389
779,6.907,-28.138,-8.732,0.000,0.000,0.000,8.207,-27.146,-11.084,2.865,30.261
780,-0.963,-0.729,-7.145,5.216,2.105,0.000,3.397,4.781,3.131,12.448,9.862
781,11.167,-38.670,-9.902,0.000,0.000,0.000,8.357,-33.721,-8.710,5.815,41.450
782,80.042,-34.656,-6.937,79.558,0.000,0.000,132.878,-64.840,35.320,74.084,35.346
783,94.211,-30.965,-3.211,85.081,0.000,0.000,95.854,-30.072,-4.959,2.559,32.442
784,-38.862,46.987,-18.204,0.000,1.948,0.000,-46.413,48.303,-27.736,12.231,62.211
785,36.516,28.994,-33.014,24.662,1.027,0.000,44.864,34.908,-55.173,24.407,44.862
786,76.154,-13.563,-15.361,86.663,0.000,0.000,123.733,-12.491,-29.559,49.663,23.030
787,40.124,-13.178,-27.074,68.566,0.000,0.000,53.330,-7.861,-27.359,14.240,41.420
788,56.248,32.745,-7.210,49.024,0.000,0.000,76.306,198.000,-100.003,190.584,34.298
789,73.149,-2.339,-2.327,42.788,5.587,0.000,132.355,5.670,36.486,71.245,31.465
790,-96.581,-12.540,-38.471,0.000,0.000,0.000,-145.741,-36.475,-17.576,58.534,104.714
791,85.305,39.499,-13.076,64.973,18.263,0.000,127.195,63.079,-10.661,48.132,32.176
792,-75.020,43.644,-15.257,0.000,34.807,0.000,-77.322,51.410,-18.943,8.900,77.064
793,-13.628,47.055,-47.080,34.257,30.336,0.000,-14.845,44.760,-48.938,3.194,69.203
794,90.970,-39.812,-10.797,55.361,0.000,0.000,84.712,-54.134,3.973,21.504,54.495
795,37.354,-19.819,-14.442,36.495,0.000,0.000,35.867,-24.834,6.123,21.220,24.538
796,-67.528,-27.867,-16.015,0.000,0.000,0.000,-70.501,-29.885,-10.687,6.426,74.788
797,61.173,19.817,-22.074,69.489,3.806,0.000,72.217,1.535,16.496,44.089,28.509
798,22.805,31.785,-1.709,0.000,11.457,0.000,25.221,31.139,9.681,11.662,30.598
799,-1.119,36.800,-40.099,16.194,10.792,0.000,11.859,41.317,-13.865,29.615,50.834
800,-41.350,31.906,-25.437,0.000,0.000,0.000,-47.630,29.276,-12.958,14.215,58.094
801,66.450,44.863,-40.435,47.142,29.600,0.000,61.586,64.368,-47.135,21.190,47.336
802,70.597,9.573,-15.828,64.014,0.000,0.000,91.395,2.060,82.647,100.927,19.634
803,41.670,28.891,-1.229,48.074,0.000,0.000,44.790,19.297,7.181,13.134,29.618
804,35.879,48.455,-15.615,56.628,0.000,0.000,44.515,47.387,-11.492,9.629,54.975
805,22.016,36.731,-34.858,0.000,7.311,0.000,24.906,43.780,-37.675,8.122,50.650
806,44.632,-13.548,-39.870,33.571,0.000,0.000,47.086,-10.307,-35.343,6.084,43.537
807,46.687,-40.395,-5.755,0.000,0.000,0.000,24.296,-103.241,50.190,87.068,62.005
808,-64.331,-36.633,-13.079,0.000,0.000,0.000,-69.538,-30.335,-2.970,12.999,75.176
809,57.024,20.627,-38.796,45.154,30.225,0.000,61.666,31.589,-34.241,12.746,41.691
810,-38.699,-29.881,-76.523,5.476,15.138,0.000,-20.318,-21.470,-97.635,29.228,99.166
811,-28.706,3.883,-12.230,4.625,33.265,0.000,-27.934,4.408,-4.415,7.870,46.085
812,-52.170,34.748,-43.907,0.000,0.000,0.000,-68.911,35.230,-37.542,17.916,76.531
813,-31.062,38.283,-28.024,0.000,8.034,0.000,-38.806,48.461,-5.548,25.860,51.626
814,16.136,-47.824,-39.358,43.648,0.000,0.000,24.951,-56.044,-43.794,12.843,67.772
815,-45.391,27.866,-46.169,0.000,18.237,0.000,-45.136,31.601,-36.485,10.382,65.457
816,26.162,43.661,-54.764,26.660,14.598,0.000,30.927,49.003,-40.955,15.554,62.000
817,96.909,7.572,-23.552,71.164,0.000,0.000,109.739,4.139,-5.692,22.257,35.705
818,95.958,-17.040,-12.257,74.665,0.000,0.000,151.997,-5.293,-0.090,58.536,29.900
819,-89.416,25.750,-39.993,0.000,0.000,0.000,-95.921,22.544,74.289,114.512,101.280
820,-84.067,-26.293,-16.364,0.000,0.000,0.000,-87.820,-26.403,-15.674,3.818,89.590
821,-61.303,-17.949,-1.903,0.000,0.000,0.000,-116.342,-80.622,82.195,118.447,63.905
822,79.576,48.660,-25.149,65.763,0.000,0.000,130.983,72.977,-20.691,57.042,56.490
823,-56.843,44.455,-28.120,0.265,42.976,0.000,-58.289,50.981,-24.636,7.538,63.672
824,52.111,-6.922,-66.617,67.137,0.000,0.000,48.506,-10.972,-61.093,7.740,68.640
825,-33.820,20.608,-18.440,0.000,0.000,0.000,-66.652,15.347,79.784,103.700,43.687
826,-80.391,42.846,-62.762,0.000,12.303,0.000,-79.626,36.285,-63.463,6.642,106.464
827,-29.125,39.095,-53.363,0.000,16.845,0.000,-37.971,40.088,-35.309,20.130,64.738
828,88.924,-31.695,-62.220,28.901,0.000,0.000,101.576,-41.149,-83.767,26.715,92.080
829,14.124,18.044,-11.944,56.110,0.000,0.000,23.107,3.630,-4.841,18.410,47.235
830,-52.152,37.994,-38.482,0.000,11.374,0.000,-52.204,36.460,-36.008,2.912,70.067
831,72.172,-38.396,-76.521,49.249,2.803,0.000,69.146,-30.896,-79.919,8.772,89.879
832,-73.900,42.790,-25.009,1.836,14.057,0.000,-81.176,49.263,-21.171,10.468,84.776
833,-93.578,-19.890,-28.879,0.000,18.706,0.000,-94.428,-15.206,-27.154,5.064,105.264
834,50.367,-0.116,-5.300,62.786,0.000,0.000,48.895,7.536,1.400,10.276,13.502
835,44.075,19.383,-5.378,38.234,0.000,0.000,43.845,19.276,-4.972,0.478,20.947
836,85.981,28.376,-1.335,56.213,27.814,0.000,106.246,37.099,-2.310,22.084,29.803
837,-50.091,-14.420,-14.178,0.000,0.223,0.000,-39.345,-13.001,-11.374,11.196,54.079
838,47.015,7.608,-29.606,39.027,1.281,0.000,83.896,31.680,25.865,70.828,31.311
839,38.288,38.760,-11.715,22.033,0.139,0.000,36.748,33.217,6.959,19.540,43.509
840,-12.509,-26.873,-7.156,0.000,0.000,0.000,-10.586,-32.591,-2.037,7.912,30.493
841,23.428,-22.811,-3.877,34.613,0.000,0.000,49.775,-20.473,62.249,71.221,25.700
842,80.258,-45.316,-19.351,82.643,0.000,0.000,80.158,-46.481,-18.945,1.238,49.332
843,62.782,30.912,-20.724,44.766,8.665,0.000,60.286,28.682,-20.355,3.367,35.341
844,71.261,3.927,-69.279,60.388,0.000,0.000,78.735,-1.457,-58.245,14.373,70.237
845,-83.593,-22.895,-33.170,0.000,8.599,0.000,-83.191,-20.104,-29.014,5.023,95.289
846,63.609,-27.133,-70.134,81.826,0.000,0.000,67.938,-34.690,-72.552,9.039,77.375
847,72.455,47.067,-7.359,45.205,0.000,0.000,54.332,56.240,-18.663,23.246,54.882
848,-50.695,36.170,-58.314,0.000,15.350,0.000,-50.550,35.954,-57.407,0.944,80.025
849,-53.197,6.143,-0.069,0.000,0.000,0.000,-50.276,0.256,0.565,6.603,53.550
850,72.087,-16.615,-38.534,79.025,0.000,0.000,66.149,-12.269,-36.151,7.735,42.533
851,14.915,3.579,-49.062,0.000,0.000,0.000,11.517,5.015,-47.997,3.840,51.404
852,17.853,-39.560,-67.428,64.696,0.000,0.000,16.839,-40.857,-66.256,2.021,91.136
853,22.991,23.848,-3.118,9.841,7.242,0.000,21.360,24.837,-3.394,1.927,21.411
854,73.515,35.235,-40.296,66.737,0.000,0.000,79.510,31.123,-29.241,13.230,53.956
855,42.199,-49.898,-30.079,18.062,0.000,0.000,53.156,-52.383,-25.400,12.170,63.064
856,9.834,-19.436,-74.856,7.241,0.000,0.000,20.233,-12.882,-54.572,23.718,77.381
857,53.589,40.218,-24.691,34.136,0.000,0.000,53.775,40.813,-27.523,2.900,51.044
858,90.431,-35.564,-64.486,66.813,0.000,0.000,74.958,-25.999,-18.146,49.783,77.337
859,41.020,27.473,-24.508,34.191,20.790,0.000,42.081,22.382,-27.602,6.051,26.305
860,-30.404,-31.549,-5.917,0.000,0.000,0.000,-30.008,-38.133,-21.333,16.768,44.213
861,69.251,25.029,-26.755,67.381,18.997,0.000,92.399,18.871,-33.910,24.999,27.490
862,70.038,-27.040,-27.993,68.530,9.709,0.000,72.495,-30.839,-14.348,14.375,46.221
863,-35.243,-30.550,-27.328,0.000,11.944,0.000,-40.109,-30.451,-20.109,8.706,61.601
864,-62.774,-23.668,-2.350,0.000,7.251,0.000,-60.675,-27.421,-7.364,6.606,70.015
865,59.643,47.982,-22.539,63.130,20.357,0.000,42.904,27.490,-85.788,68.561,35.823
866,42.648,-30.098,-5.656,18.924,3.806,0.000,34.434,-57.070,-44.655,48.124,41.764
867,81.793,15.064,-32.844,59.914,0.000,0.000,81.562,12.437,-36.223,4.287,42.241
868,55.599,-14.123,-6.835,65.308,7.250,0.000,55.825,-9.991,1.095,8.945,24.450
869,-5.224,12.855,-1.614,1.056,14.010,0.000,-4.872,14.270,-4.242,3.005,6.585
870,-67.580,22.847,-74.476,0.086,0.000,0.000,-78.212,15.587,-73.848,12.890,103.186
871,41.184,0.356,-29.291,35.701,6.708,0.000,45.694,0.167,-6.957,22.786,30.469
872,27.806,4.565,-25.309,0.000,0.000,0.000,17.919,-2.020,-26.841,11.978,37.876
873,3.446,-44.995,-18.495,15.363,5.055,0.000,2.580,-52.242,-22.782,8.465,54.672
874,41.921,-21.472,-38.935,43.642,0.000,0.000,-7.848,-18.508,-50.712,51.229,44.497
875,-52.803,43.266,-16.971,0.000,3.967,0.000,-25.920,5.990,-113.661,107.057,67.975
876,23.733,-10.965,-7.770,0.000,4.815,0.000,26.531,-16.601,-39.364,32.215,29.541
877,-68.853,38.319,-62.904,0.000,8.472,0.000,-70.446,52.344,-67.734,14.919,97.921
878,-72.899,19.250,-7.801,0.000,0.000,0.000,-67.104,17.595,-1.963,8.391,75.800
879,88.217,-36.797,-17.297,22.332,23.267,0.000,101.719,-19.618,40.264,61.568,90.817
880,-2.307,7.481,-37.037,4.043,0.000,0.000,-0.390,1.786,-22.535,15.699,38.315
881,36.591,7.247,-8.852,39.900,0.000,0.000,38.177,-1.240,-4.706,9.578,11.909
882,-52.261,7.053,-40.105,0.000,8.430,0.000,-58.102,7.054,-44.895,7.553,65.890
883,-14.186,-19.961,-33.981,9.642,5.570,0.000,-3.560,-23.875,-39.780,12.722,48.727
884,33.533,47.070,-0.423,11.729,0.000,0.000,34.110,36.485,1.811,10.833,51.876
885,-49.979,-23.154,-71.520,0.000,0.000,0.000,-39.709,-15.510,-73.936,13.029,90.272
886,12.460,-35.340,-73.100,30.838,0.000,0.000,17.407,-39.964,-75.295,7.118,83.249
887,8.815,-12.052,-2.197,0.000,0.000,0.000,6.391,-13.073,1.244,4.331,15.092
888,57.904,14.373,-8.734,31.789,0.000,0.000,62.109,13.303,-14.951,7.581,31.062
889,-61.097,13.953,-65.279,0.000,2.006,0.000,-73.961,21.743,-59.097,16.260,90.205
890,22.152,0.453,-28.101,3.123,3.054,0.000,22.271,2.998,-22.402,6.243,34.037
891,-89.203,-39.050,-13.169,0.000,0.000,0.000,-89.785,-43.765,-0.847,13.207,98.262
892,40.444,-14.987,-2.215,23.265,0.000,0.000,42.267,-14.640,-7.871,5.953,22.905
893,91.382,12.814,-72.391,63.288,0.000,0.000,101.847,13.112,-103.701,33.014,78.702
894,-64.011,23.755,-32.031,0.000,0.000,0.000,-83.405,15.739,55.986,90.484,75.417
895,-52.463,-11.815,-20.229,6.900,0.314,0.000,-44.558,-11.222,-16.835,8.623,63.877
896,67.303,-7.682,-63.380,78.957,0.000,0.000,75.257,-2.851,-64.472,9.369,64.899
897,48.200,27.805,-26.233,24.573,34.307,0.000,55.415,42.792,9.947,39.821,35.899
898,-6.045,0.042,-70.738,33.709,8.943,0.000,-3.670,7.158,-77.218,9.913,81.630
899,40.127,-23.377,-21.479,40.360,1.528,0.000,40.081,-26.591,-26.832,6.244,32.888
900,88.655,13.647,-75.849,102.564,8.441,0.000,93.644,-0.561,68.287,144.920,77.289
901,-57.637,44.378,-24.165,0.000,0.000,0.000,-61.850,46.860,-24.537,4.903,76.651
902,-81.115,-13.917,-61.250,0.000,4.556,0.000,-81.778,-16.170,-81.773,20.657,103.308
903,44.736,1.457,-30.952,52.213,0.000,0.000,4.863,6.077,73.270,111.684,31.876
904,17.756,0.808,-1.459,16.683,26.766,0.000,25.319,2.606,10.553,14.308,26.021
905,-42.520,45.273,-6.136,0.000,0.000,0.000,-43.649,46.088,-2.424,3.964,62.412
906,39.710,-16.818,-24.349,42.577,0.000,0.000,47.459,-18.347,-13.752,13.217,29.731
907,13.424,-38.178,-26.432,47401.082,13067.901,0.000,12.979,-39.010,-39.783,13.384,49166.657
908,86.347,47.932,-54.314,72.079,24.518,0.000,99.979,40.388,-37.455,22.956,60.843
909,13.158,-4.892,-34.527,0.000,9.468,0.000,14.755,-7.689,-34.529,3.221,39.641
910,-23.995,14.091,-2.387,0.000,0.000,0.000,-34.072,6.509,0.249,12.883,27.929
911,-39.239,-43.131,-10.328,0.000,0.000,0.000,-44.598,-46.338,-12.626,6.654,59.217
912,-82.971,8.417,-64.729,0.000,0.000,0.000,-80.249,-13.370,-61.907,22.137,105.570
913,-72.903,22.614,-59.321,0.000,0.000,0.000,-93.017,-7.665,-80.468,42.054,96.671
914,39.376,23.770,-20.164,16.095,10.795,0.000,41.686,21.592,-22.988,4.249,33.421
915,-30.241,-11.590,-9.563,0.000,11.530,0.000,-29.956,-5.585,1.952,12.990,39.249
916,-37.140,-0.361,-25.531,0.000,1.831,0.000,-41.161,-4.956,-22.976,6.618,45.123
917,-45.488,-24.866,-16.468,0.000,0.000,0.000,-41.599,-24.079,-12.582,5.553,54.394
918,55.736,-36.075,-33.036,75.742,0.000,0.000,58.066,-44.826,-46.399,16.142,52.849
919,-80.804,-48.475,-16.879,0.000,0.000,0.000,-86.665,-63.209,-11.608,16.710,95.729
920,63.567,48.155,-17.134,29.592,13.308,0.000,68.357,58.997,-27.148,15.517,51.597
921,-54.618,-40.666,-42.087,0.000,0.000,0.000,-84.869,-41.432,-17.232,39.159,80.051
922,58.896,-31.491,-44.395,50.418,0.000,0.000,68.477,-33.383,-38.989,11.162,55.086
923,-42.334,-7.275,-32.097,0.000,12.264,0.000,-43.580,0.052,-35.324,8.102,56.606
924,-54.285,-10.787,-15.559,0.000,0.000,0.000,-55.340,-12.067,-17.851,2.830,57.492
925,11.341,3.851,-64.010,41.152,6.004,0.000,15.058,10.879,-76.473,14.783,70.644
926,47.999,-32.932,-49.322,47.493,0.000,0.000,52.048,-22.204,-36.565,17.153,59.308
927,61.601,43.625,-74.026,13.368,13.469,0.000,61.677,52.706,-81.061,11.488,93.357
928,-41.600,47.744,-49.940,0.000,0.350,0.000,-29.323,42.682,-50.466,13.290,80.441
929,67.135,-28.714,-28.943,62.887,0.000,0.000,75.955,1.853,57.202,91.832,40.991
930,-2.473,29.867,-73.656,1.883,0.000,0.000,13.730,29.352,-68.178,17.112,79.600
931,25.443,40.737,-3.134,18.775,13.856,0.000,28.263,45.718,-2.269,5.789,27.873
932,-54.411,-4.295,-54.298,0.000,0.000,0.000,-58.874,-7.645,-64.017,11.207,76.989
933,88.114,46.662,-26.375,36.589,42.578,0.000,86.542,56.244,-12.042,17.312,58.027
934,-22.370,-42.968,-76.957,0.000,0.000,0.000,-44.285,-40.757,-68.290,23.670,90.934
935,62.346,-14.669,-60.000,39.831,0.000,0.000,66.267,-17.732,-56.511,6.076,65.743
936,71.362,-7.495,-6.751,48.010,0.000,0.000,69.319,-8.887,-0.436,6.782,25.437
937,-31.515,45.225,-11.480,0.000,6.409,0.000,-30.819,46.366,-10.400,1.718,51.300
938,-15.424,9.522,-22.007,0.000,7.657,0.000,-14.229,8.515,-25.699,4.009,26.939
939,19.973,15.164,-32.025,29.165,0.000,0.000,20.308,7.488,-31.295,7.718,36.606
940,-10.788,-35.974,-13.386,0.000,0.000,0.000,-18.550,-42.288,10.545,25.939,39.871
941,28.387,-6.147,-68.187,0.000,0.000,0.000,71.265,1.985,-82.082,45.800,74.116
942,-17.090,48.283,-45.631,0.000,18.697,0.000,-18.331,49.476,-46.907,2.143,57.005
943,12.514,-27.529,-26.259,7.391,0.000,0.000,12.524,-31.177,-17.488,9.499,38.388
944,48.152,11.823,-22.366,44.299,0.000,0.000,50.069,15.575,-19.911,4.876,25.590
945,11.163,5.253,-29.942,17.633,9.137,0.000,14.734,-0.438,-25.784,7.901,30.879
946,-17.152,-37.285,-19.359,4.376,5.187,0.000,-16.815,-46.324,-9.071,13.699,51.402
947,16.396,36.136,-47.983,11.544,13.132,0.000,15.771,38.403,-38.085,10.174,53.433
948,91.014,35.781,-33.514,79.868,5.826,0.000,133.850,43.790,-11.458,48.842,46.311
949,-47.397,26.078,-52.536,0.000,3.877,0.000,-52.205,23.506,-56.174,6.555,74.158
950,8.832,-24.854,-65.864,0.000,10.566,0.000,11.337,-18.816,-69.266,7.369,75.304
951,89.907,23.915,-5.100,41.722,0.000,0.000,139.091,-1.992,14.952,59.096,54.035
952,73.976,-42.792,-20.257,64.380,0.000,0.000,74.225,-45.953,-3.987,16.576,48.307
953,-76.753,-15.473,-77.094,38.271,32.073,0.000,-88.490,-35.667,-76.792,23.360,146.405
954,-59.584,-46.546,-56.821,0.000,0.000,0.000,-60.695,-42.113,-57.910,4.699,94.580
955,5.834,38.190,-3.663,18.953,0.000,0.000,10.438,44.334,0.975,8.970,40.546
956,72.487,-2.681,-20.653,52.570,0.000,0.000,73.010,3.391,-15.214,8.168,28.817
957,66.725,-37.379,-27.701,65.408,0.000,0.000,75.538,0.061,71.308,106.218,46.544
958,-9.644,39.782,-25.141,0.000,23.612,0.000,-6.666,35.489,-22.539,5.837,31.410
959,13.632,-14.975,-70.330,17.308,0.000,0.000,14.556,-27.844,-76.452,14.281,72.001
960,27.385,-38.558,-63.518,74.673,0.000,0.000,25.446,-35.276,-67.433,5.465,88.076
961,-69.454,40.842,-66.280,0.000,0.778,0.000,-77.834,43.959,-89.997,25.346,104.029
962,-93.483,9.781,-18.845,0.000,0.000,0.000,-97.320,1.582,-19.932,9.118,95.864
963,65.207,-31.167,-46.403,48.399,0.000,0.000,66.849,-26.789,-44.187,5.174,58.370
964,-5.970,-21.769,-54.369,0.000,4.267,0.000,-12.060,-26.470,-55.200,7.738,60.576
965,93.700,-20.125,-21.771,68.910,0.000,0.000,99.334,-25.039,-28.060,9.769,38.646
966,-75.864,30.694,-2.816,0.000,0.000,0.000,-77.641,29.337,22.878,25.792,81.886
967,2.074,35.160,-21.243,2.879,25.442,0.000,2.341,35.495,-17.529,3.738,23.374
968,45.892,-4.284,-79.218,59.091,4.170,0.000,48.448,-3.757,-79.159,2.610,80.753
969,-17.524,-20.319,-11.721,1.800,0.000,0.000,2.053,-16.484,8.899,28.690,30.392
970,17.016,-43.331,-41.782,0.000,0.000,0.000,17.123,-48.283,-42.248,4.976,62.552
971,98.106,10.402,-46.614,79.609,5.553,0.000,148.681,15.894,-6.827,64.584,50.384
972,-43.518,-38.130,-38.083,0.000,0.000,0.000,-46.991,-35.706,-27.908,11.022,69.267
973,-65.215,-41.994,-16.874,0.000,0.000,0.000,-69.085,-42.244,-17.080,3.884,79.380
974,39.437,28.352,-32.734,36.840,0.601,0.000,40.393,34.090,-32.161,5.845,42.992
975,5.754,35.870,-1.695,8.409,24.604,0.000,9.694,39.599,9.991,12.883,11.697
976,57.280,24.034,-65.894,67.409,11.218,0.000,57.957,20.892,-72.320,7.185,67.888
977,28.321,-30.268,-29.666,33.964,1.461,0.000,27.704,-24.702,-20.288,10.924,43.803
978,72.969,-14.082,-11.307,71.228,0.000,0.000,126.949,-24.897,36.685,73.034,18.143
979,32.289,48.890,-12.771,45.516,26.030,0.000,33.168,72.243,87.931,103.378,29.336
980,7.534,-36.489,-28.795,34.696,0.000,0.000,16.754,-34.126,-22.790,11.254,53.837
981,-86.667,-46.881,-18.280,0.000,0.000,0.000,-91.012,-16.316,49.669,74.634,100.216
982,14.311,32.236,-78.540,23.399,13.499,0.000,12.251,26.692,-86.606,10.002,81.254
983,-74.430,17.120,-53.535,0.000,11.084,0.000,-84.803,28.867,64.130,118.704,91.882
984,-93.492,5.968,-5.739,0.000,1.944,0.000,-132.238,24.747,26.013,53.498,93.755
985,-44.136,15.289,-22.385,6.804,51.211,0.000,-53.366,131.080,24.683,125.332,66.230
986,49.799,43.421,-27.927,64.537,6.752,0.000,72.545,3.319,-70.403,62.688,48.392
987,-26.355,-15.227,-68.075,19.849,6.209,0.000,-30.416,-0.285,-61.628,16.772,85.021
988,-20.398,-30.658,-9.678,0.000,0.740,0.000,-28.399,172.588,115.875,239.032,38.673
989,-19.146,-30.735,-14.891,0.000,0.000,0.000,-33.099,-33.259,-1.126,19.762,39.153
990,-69.302,-8.440,-4.466,0.000,0.000,0.000,-79.551,16.128,-5.966,26.662,69.957
991,-35.255,-35.773,-4.457,0.000,5.004,0.000,-32.648,-31.460,4.059,9.896,54.088
992,-32.745,41.417,-38.790,0.000,2.341,0.000,-33.920,39.559,-35.522,3.939,64.061
993,5.204,22.648,-51.599,4.940,14.290,0.000,3.498,39.616,-51.396,17.055,52.272
994,-21.752,23.825,-51.697,0.000,0.000,0.000,-34.022,13.720,-42.720,18.255,60.937
995,-11.528,21.340,-45.480,0.000,20.944,0.000,-10.183,19.941,-46.172,2.060,46.920
996,-69.249,-29.296,-71.632,0.000,0.000,0.000,-83.688,-24.306,-56.197,21.716,103.851
997,42.188,-43.584,-68.279,30.631,0.000,0.000,53.203,-61.500,-75.209,22.144,81.824
998,65.032,40.647,-57.039,63.680,15.119,0.000,63.349,48.797,-56.797,8.325,62.506
999,-72.950,-40.513,-43.984,0.000,0.000,0.000,-91.698,-40.595,-39.222,19.343,94.327
1000,-68.164,23.805,-12.910,0.000,18.100,0.000,-71.993,20.457,-13.644,5.139,69.610
1001,75.500,48.033,-34.364,0.000,9.852,0.000,60.489,51.349,-30.259,15.911,91.318
1002,42.560,-0.152,-77.295,3.709,1.356,0.000,43.749,2.241,-75.449,3.247,86.523
1003,66.385,-36.646,-31.424,44.190,0.000,0.000,70.785,-41.207,-32.865,6.499,53.132
1004,-4.723,-37.499,-5.361,0.000,0.000,0.000,-0.612,-30.607,-17.183,14.289,38.174
1005,-83.770,2.739,-36.071,6.043,19.701,0.000,-83.380,6.272,-41.096,6.155,98.260
1006,-72.231,16.006,-22.700,0.000,25.766,0.000,-75.890,23.910,-19.676,9.219,76.341
1007,-41.410,-12.677,-52.117,0.000,21.798,0.000,-39.935,-21.958,-31.909,22.286,74.963
1008,29.847,-14.151,-9.284,30.882,0.000,0.000,29.904,-13.275,-21.793,12.540,16.956
1009,25.958,-24.175,-7.392,20.350,0.000,0.000,50.231,-34.008,-23.168,30.574,25.894
1010,-85.989,-10.990,-26.896,0.000,0.000,0.000,-147.661,-19.340,24.979,81.019,90.765
1011,-89.215,14.007,-63.497,0.000,0.000,0.000,-146.504,41.960,-21.728,76.211,110.396
1012,-78.318,17.942,-48.051,0.000,0.000,0.000,-79.575,11.196,-35.062,14.690,93.619
1013,-3.984,15.613,-42.586,0.000,0.000,0.000,-11.162,18.285,-46.512,8.607,45.533
1014,38.913,-47.163,-45.163,5.057,0.000,0.000,37.423,-35.877,-45.473,11.387,73.555
1015,-34.889,46.554,-36.994,0.000,0.000,0.000,-33.617,46.163,-41.039,4.258,68.942
1016,-15.448,-7.904,-48.659,0.000,2.597,0.000,-7.861,-12.787,-35.317,16.106,52.121
1017,18.739,-26.957,-52.903,24.288,13.342,0.000,24.506,-20.613,-40.728,14.891,66.735
1018,5.807,37.371,-27.922,0.000,38.975,0.000,4.507,48.290,-32.777,12.020,28.564
1019,-52.429,-45.996,-62.665,0.000,0.267,0.000,-46.535,-50.036,-55.538,10.093,93.894
1020,15.841,-35.183,-3.120,7.217,0.000,0.000,15.682,-44.471,-8.707,10.840,36.359
1021,52.598,-15.359,-37.595,75.620,0.000,0.000,48.794,-2.770,-18.672,23.044,46.683
1022,-8.962,14.519,-6.540,0.000,0.000,0.000,-11.084,14.828,-3.373,3.825,18.273
1023,-17.912,7.497,-51.206,0.000,9.107,0.000,-10.870,5.078,-44.526,10.003,54.273
1024,50.497,-47.101,-71.085,26.807,0.000,0.000,56.714,-50.469,-74.656,7.922,88.503
1025,-15.004,-23.891,-16.270,0.000,0.000,0.000,-17.821,-76.055,85.997,114.838,32.567
1026,61.081,25.152,-18.938,35.730,19.697,0.000,58.479,23.964,-10.846,8.583,32.111
1027,-65.385,36.976,-5.873,7.140,33.286,0.000,-67.718,50.713,-29.634,27.545,72.856
1028,-96.807,-0.383,-25.306,0.000,0.000,0.000,-90.228,0.464,-4.288,22.040,100.061
1029,86.044,4.212,-29.348,88.216,6.607,0.000,146.144,0.347,34.036,87.433,29.526
1030,-94.263,31.231,-0.681,0.000,17.204,0.000,-85.823,47.421,-30.879,35.289,95.303
1031,88.452,-16.970,-19.248,91.873,0.000,0.000,139.516,65.663,14.043,102.684,25.888
1032,-9.978,0.562,-0.902,0.000,0.000,0.000,-11.609,-11.954,4.628,13.781,10.035
1033,91.716,-4.643,-54.168,41.228,23.576,0.000,101.607,-3.964,-66.912,16.146,79.244
1034,-45.391,5.474,-68.375,0.000,9.042,0.000,-49.311,-6.067,-54.504,18.465,82.147
1035,1.542,47.947,-18.359,9.134,23.043,0.000,9.624,50.825,0.787,20.981,31.857
1036,57.867,-12.963,-72.955,12.045,0.000,0.000,84.206,16.592,69.112,147.479,87.121
1037,25.064,11.706,-45.841,0.994,0.728,0.000,27.700,14.078,-54.480,9.339,52.927
1038,-38.643,8.633,-46.189,0.000,0.000,0.000,-86.461,-0.676,-99.026,71.868,60.837
1039,26.836,-35.970,-17.090,26.796,0.000,0.000,0.386,-86.930,-60.579,72.026,39.823
1040,68.274,48.220,-72.542,29.713,0.179,0.000,63.811,48.454,-75.720,5.484,95.170
1041,-36.157,-0.934,-57.496,0.000,6.088,0.000,-34.485,5.407,-47.189,12.216,68.282
1042,-61.528,-19.408,-20.459,0.000,0.000,0.000,-110.397,-49.120,82.065,117.398,67.683
1043,32.262,15.077,-28.632,4.842,12.851,0.000,36.492,20.299,-36.413,10.282,39.706
1044,60.328,-18.736,-77.706,75.597,3.515,0.000,72.221,-1.497,-85.570,22.371,82.259
1045,-54.470,1.990,-44.307,0.000,6.868,0.000,-52.006,-3.138,-33.923,11.841,70.384
1046,94.231,-18.917,-69.872,88.262,11.853,0.000,126.884,-3.887,5.199,83.234,76.580
1047,29.975,15.330,-36.203,5.113,0.000,0.000,42.750,16.227,-54.096,22.004,46.517
1048,32.777,5.434,-63.132,21.678,0.719,0.000,41.127,7.065,-58.095,9.887,64.273
1049,-18.858,37.900,-2.402,0.000,56.438,0.000,-18.914,38.747,14.836,17.259,26.553
1050,-8.525,24.440,-28.179,0.000,0.000,0.000,-15.334,27.808,-24.718,8.348,38.263
1051,-88.597,24.378,-23.105,0.000,11.251,0.000,-97.197,16.800,-33.388,15.399,92.496
1052,-46.564,-5.786,-37.821,0.000,2.375,0.000,-46.085,-9.314,-51.780,14.406,60.541
1053,61.928,-1.477,-64.348,55.748,16.747,0.000,63.867,10.147,-55.043,15.015,67.163
1054,5.247,49.318,-22.980,0.000,6.931,0.000,10.282,46.559,-26.249,6.607,48.501
1055,-59.348,-24.200,-48.044,0.000,0.000,0.000,-128.255,-79.406,-74.472,92.164,80.100
1056,-51.212,-36.991,-78.150,0.000,0.000,0.000,-52.807,-26.425,-82.191,11.425,100.491
1057,31.763,6.344,-18.338,24.208,7.964,0.000,29.382,2.416,-9.164,10.260,19.899
1058,29.842,-27.914,-49.232,24.925,0.000,0.000,27.402,-40.386,-33.512,20.215,56.808
1059,11.411,32.536,-36.740,0.000,0.000,0.000,5.784,33.713,-29.323,9.384,50.384
1060,-72.419,-11.857,-19.816,0.000,0.000,0.000,-48.663,-20.772,0.912,32.764,76.011
1061,42.325,-35.980,-54.218,37.544,0.000,0.000,50.952,-39.436,-47.156,11.672,65.246
1062,-51.575,-13.373,-21.539,0.000,0.000,0.000,-50.184,-17.590,-17.780,5.818,57.469
1063,6.107,48.878,-9.997,0.000,11.870,0.000,14.836,48.322,3.552,16.127,38.818
1064,-1.639,6.566,-6.388,0.000,0.000,0.000,-8.333,4.973,-1.762,8.292,9.306
1065,-52.813,13.502,-6.317,0.000,0.000,0.000,-54.575,15.971,-15.149,9.338,54.877
1066,22.643,43.233,-0.301,7.479,6.213,0.000,29.399,46.118,0.194,7.363,40.006
1067,-64.759,-34.820,-9.087,0.000,0.000,0.000,-67.096,-38.288,-8.247,4.265,74.086
1068,-87.836,46.377,-73.026,0.000,11.308,0.000,-92.894,41.731,-63.058,12.105,119.490
1069,42.781,24.334,-27.123,17.453,7.518,0.000,35.468,14.816,-5.847,24.429,40.743
1070,58.787,42.650,-36.022,27.265,0.000,0.000,57.099,43.452,-36.484,1.925,64.111
1071,-0.521,31.609,-36.262,0.000,15.938,0.000,17.581,19.350,-140.879,106.877,39.506
1072,-60.268,-6.526,-0.613,0.000,3.737,0.000,-60.796,-9.599,0.275,3.242,61.139
1073,31.482,39.638,-43.723,0.000,0.000,0.000,27.529,36.470,-41.897,5.385,66.888
1074,-85.191,15.898,-77.980,0.000,7.455,0.000,-85.329,16.518,-79.672,1.808,115.800
1075,62.648,-15.350,-32.826,61.481,11.845,0.000,66.138,-32.164,-5.796,32.024,42.644
1076,-43.263,-44.588,-63.294,0.000,0.000,0.000,-53.663,-46.667,-79.930,19.729,88.690
1077,38.035,0.124,-68.727,38.167,0.000,0.000,84.083,-10.407,-95.666,54.378,68.728
1078,28.972,15.363,-67.311,25.246,4.177,0.000,20.244,14.709,-73.134,10.512,68.335
1079,25.948,-49.839,-24.354,41.389,5.752,0.000,35.978,-54.600,-11.881,16.698,62.624
1080,-79.724,11.514,-19.729,0.000,26.646,0.000,-74.519,4.139,-19.500,9.030,83.511
1081,-85.044,-4.155,-69.277,0.000,17.494,0.000,-88.370,-5.554,-61.109,8.930,111.806
1082,-45.209,-41.232,-4.824,0.000,1.117,0.000,-45.572,-44.898,-4.539,3.695,62.133
1083,-12.318,29.638,-36.322,0.000,0.000,0.000,-30.415,30.980,-17.942,25.829,48.471
1084,54.748,-26.409,-51.200,25.731,4.106,0.000,54.945,-31.923,-53.355,5.924,66.291
1085,77.906,35.159,-57.623,82.736,15.760,0.000,62.923,30.316,-37.979,25.176,60.992
1086,39.871,27.805,-38.790,29.316,1.981,0.000,38.343,16.471,-26.532,16.764,47.780
1087,-33.856,-39.392,-4.417,0.000,1.375,0.000,-32.834,-39.759,-0.630,3.939,53.177
1088,-6.016,-26.881,-32.132,10.492,0.000,0.000,5.651,-22.983,-25.433,14.008,45.029
1089,-13.183,-4.194,-15.971,0.000,0.000,0.000,3.535,-24.039,40.417,62.072,21.130
1090,71.390,32.147,-22.102,59.870,0.000,0.000,78.402,42.716,-17.496,13.494,40.677
1091,-8.774,-24.989,-33.144,10.391,0.000,0.000,-7.780,-24.908,-38.207,5.161,45.719
1092,-30.805,-45.639,-19.413,0.000,0.000,0.000,-25.746,-53.522,-28.535,13.074,58.385
1093,82.468,-21.144,-37.974,53.072,0.000,0.000,82.044,-11.346,-25.269,16.049,52.471
1094,22.859,-34.180,-37.126,0.000,0.000,0.000,18.221,-25.524,-32.465,10.871,55.400
1095,78.054,-7.360,-11.041,44.020,11.370,0.000,131.512,-14.844,26.671,65.848,40.387
1096,-53.502,-30.534,-37.113,0.000,0.000,0.000,-51.406,-24.036,-27.724,11.610,71.918
1097,87.862,-7.923,-39.751,70.165,26.765,0.000,81.654,12.634,61.181,103.191,55.647
1098,-32.800,5.839,-31.653,0.000,5.897,0.000,-33.672,10.751,-32.983,5.162,45.583
1099,-23.780,11.993,-65.469,0.000,18.576,0.000,-38.008,11.353,-57.393,16.373,69.965
1100,-16.664,-14.773,-59.032,25.208,0.000,0.000,-17.670,-21.994,-51.624,10.394,73.867
1101,-42.813,-2.167,-2.854,0.000,0.000,0.000,-56.314,15.203,-98.817,98.452,42.963
1102,-0.654,2.274,-51.035,35.602,0.000,0.000,8.091,9.608,-47.334,11.998,62.643
1103,-13.975,-36.438,-79.708,41.345,3.881,0.000,-27.235,-34.928,-76.635,13.694,105.068
1104,-46.169,32.080,-77.343,17.409,14.484,0.000,-52.334,26.131,-85.937,12.135,101.656
1105,20.662,11.445,-0.270,3.834,41.039,0.000,25.465,30.746,12.520,23.647,34.045
1106,1.484,-19.485,-20.811,3.143,0.000,0.000,4.847,-22.433,2.964,24.192,28.557
1107,-78.997,-3.200,-1.720,0.000,0.000,0.000,-79.801,9.200,-5.965,13.131,79.080
1108,-74.702,-38.783,-21.425,0.000,0.000,0.000,-68.310,-67.250,-20.327,29.196,86.854
1109,42.936,36.710,-35.491,19.632,9.132,0.000,56.237,30.890,-43.657,16.658,50.628
1110,25.971,-16.312,-16.557,0.000,0.000,0.000,32.215,-25.702,8.891,27.834,34.853
1111,-98.101,8.242,-16.020,0.000,0.000,0.000,-89.548,16.745,57.683,74.683,99.742
1112,-77.615,-13.508,-6.617,0.000,7.423,0.000,-81.457,-13.200,-4.431,4.431,80.660
1113,37.567,-19.982,-34.674,60.375,0.000,0.000,32.770,-21.633,-31.197,6.151,46.063
1114,39.803,-5.545,-38.185,18.658,0.000,0.000,37.636,-5.903,-37.131,2.437,44.000
1115,43.754,1.408,-53.918,32.323,0.000,0.000,59.525,7.534,-37.525,23.557,55.134
1116,-21.890,-4.459,-0.469,0.000,0.000,0.000,-8.789,-3.030,-8.686,15.530,22.345
1117,20.544,18.285,-51.079,29.355,19.144,0.000,15.422,18.675,-55.615,6.852,51.841
1118,-51.106,46.812,-78.372,0.000,0.000,0.000,-62.022,62.749,-71.448,20.521,104.620
1119,20.772,34.993,-16.845,25.050,0.000,0.000,17.469,27.896,5.319,23.506,39.071
1120,-81.949,-3.556,-45.592,0.000,0.171,0.000,-77.379,-1.325,-30.483,15.942,93.852
1121,81.225,-49.940,-1.394,46.737,0.000,0.000,81.538,-47.645,21.725,23.235,60.707
1122,66.755,35.332,-69.903,44.100,6.001,0.000,66.813,38.434,-63.543,7.077,79.120
1123,63.317,-19.634,-11.806,43.936,0.000,0.000,64.281,-24.769,-11.921,5.226,30.008
1124,-1.196,38.916,-1.402,0.000,18.610,0.000,3.542,36.396,2.465,6.614,20.389
1125,93.768,24.567,-37.817,81.821,0.000,0.000,96.196,22.453,-34.717,4.470,46.652
1126,-32.980,-26.430,-78.587,0.000,0.000,0.000,-32.699,-19.361,-69.806,11.276,89.231
1127,25.882,22.447,-51.049,67.883,0.504,0.000,31.474,19.031,-52.199,6.653,69.653
1128,-51.459,20.734,-17.541,0.000,0.000,0.000,-57.998,18.561,-0.900,18.011,58.186
1129,-60.928,32.980,-18.500,0.000,1.395,0.000,-66.264,19.866,-4.453,19.944,71.079
1130,-66.819,15.979,-33.164,0.000,0.000,0.000,-69.852,17.441,-23.860,9.894,76.288
1131,-21.931,-9.291,-21.034,0.000,12.317,0.000,-20.439,-3.305,-17.738,6.994,37.286
1132,-9.514,-0.330,-3.890,0.000,0.000,0.000,-30.887,-34.022,65.476,80.023,10.284
1133,95.332,4.933,-37.755,90.063,0.000,0.000,61.919,-36.956,-125.310,102.650,38.439
1134,-25.522,14.640,-68.564,0.000,0.000,0.000,-68.112,16.019,32.323,109.517,74.610
1135,26.297,43.949,-58.011,28.210,9.232,0.000,26.193,43.748,-54.495,3.523,67.632
1136,-98.394,5.889,-59.032,0.000,0.000,0.000,-137.667,38.029,-42.955,53.234,114.895
1137,39.791,6.064,-11.132,0.000,0.000,0.000,33.985,1.063,8.542,21.114,41.761
1138,12.203,23.561,-34.428,0.000,34.649,0.000,13.392,17.827,-28.367,8.428,38.173
1139,-81.154,49.434,-57.392,0.000,0.000,0.000,-82.691,53.563,-61.090,5.752,111.011
1140,-95.611,27.086,-35.371,0.000,12.063,0.000,-99.454,21.639,-4.321,31.758,103.045
1141,-0.990,-8.359,-0.747,0.000,19.931,0.000,-7.321,-5.976,12.463,14.840,28.317
1142,60.628,48.952,-16.192,45.450,8.798,0.000,60.037,48.936,-19.987,3.841,45.879
